日期時間,土壤溫度 (°C),土壤濕度 (%),土壤導電度 (μS/cm),淋溶液水位 (mm),淋溶液導電度 (μS/cm),淋溶液溫度 (°C),雨量 (mm),左區日灌溉量(L),右區日灌溉量(L)
2017-01-17 15:00:02,20.7,30.5,0.05,,,30.5,0,,,
2017-01-17 15:10:02,20.8,30.5,0.05,,,30.5,0,,,
2017-01-17 15:20:02,20.9,30.5,0.04,,,30.5,0,,,
2017-01-17 15:30:01,21,30.5,0.04,,,30.5,0,,,
2017-01-17 15:40:01,21.1,30.5,0.05,,,30.5,0,,,
2017-01-17 15:50:01,21.2,30.5,0.05,,,30.5,0,,,
2017-01-17 16:00:01,21.3,30.5,0.05,,,30.5,0,,,
2017-01-17 16:10:01,21.3,30.5,0.04,,,30.5,0,,,
2017-01-17 16:20:00,21.4,30.5,0.04,,,30.5,0,,,
2017-01-17 16:30:00,21.5,30.5,0.04,,,30.5,0,,,
2017-01-17 16:40:02,21.6,30.5,0.05,,,30.5,0,,,
2017-01-17 16:50:02,21.6,30.5,0.04,,,30.5,0,,,
2017-01-17 17:00:02,21.7,30.5,0.04,,,30.5,0,,,
2017-01-17 17:10:02,21.7,30.5,0.05,,,30.5,0,,,
2017-01-17 17:20:02,21.7,30.5,0.04,,,30.5,0,,,
2017-01-17 17:30:01,21.8,30.5,0.04,,,30.5,0,,,
2017-01-17 17:40:01,21.8,30.5,0.04,,,30.5,0,,,
2017-01-17 17:50:01,21.9,30.5,0.04,,,30.5,0,,,
2017-01-17 18:00:01,21.9,30.5,0.04,,,30.5,0,,,
2017-01-17 18:10:01,21.9,30.5,0.04,,,30.5,0,,,
2017-01-17 18:20:00,21.9,30.5,0.04,,,30.5,0,,,
2017-01-17 18:30:00,21.9,30.5,0.04,,,30.5,0,,,
2017-01-17 18:40:00,21.9,30.5,0.04,,,30.5,0,,,
2017-01-17 18:50:00,21.9,30.5,0.04,,,30.5,0,0,,
2017-01-21 00:00:01,21.6,30.2,0.04,30.2,0,0,0,,,
2017-01-21 01:00:00,21.4,30.2,0.04,30.2,0,0,0,,,
2017-01-21 02:00:02,21.2,30.1,0.03,30.1,0,0,0,,,
2017-01-21 03:00:00,21.1,30.1,0.03,30.1,0,0,0,,,
2017-01-21 04:00:02,20.9,30.1,0.03,30.1,0,0,0,,,
2017-01-21 05:00:01,20.7,30.1,0.03,30.1,0,0,0,,,
2017-01-21 06:00:00,20.5,30.1,0.03,30.1,0,0,0,,,
2017-01-21 07:00:02,20.4,30.1,0.03,30.1,0,0,0,,,
2017-01-21 08:00:01,20.3,30.1,0.03,30.1,0,0,0,,,
2017-01-21 09:00:03,20.1,30.1,0.03,30.1,0,0,0,,,
2017-01-21 10:00:01,20.1,30.1,0.04,30.1,0,0,0,,,
2017-01-21 11:00:00,20.1,30.1,0.05,30.1,0,0,0,,,
2017-01-21 13:00:01,20.5,30.1,0.04,30.1,0,0,0,,,
2017-01-21 14:00:03,20.8,30.1,0.04,30.1,0,0,0,,,
2017-01-21 15:00:01,21.2,30.1,0.05,30.1,0,0,0,,,
2017-01-21 16:00:00,21.5,30.1,0.04,30.1,0,0,0,,,
2017-01-21 17:00:02,21.8,30.1,0.04,30.1,0,0,0,,,
2017-01-21 18:00:01,21.9,30.1,0.04,30.1,0,0,0,,,
2017-01-21 19:00:02,21.9,30.1,0.04,30.1,0,0,0,,,
2017-01-21 20:00:01,21.7,30,0.04,30,0,0,0,,,
2017-01-21 21:00:01,21.5,30,0.04,6,0,25,0,,,
2017-01-21 22:00:01,21.3,30,0.04,6,0,25,0,,,
2017-01-21 23:30:02,21,30,0.03,5,0,25,0,,,
2017-01-22 00:00:02,20.9,30,0.04,5,0,25,0,,,
2017-01-22 07:10:33,19.9,29.9,0.03,7,0,24.9,0,,,
2017-01-22 08:00:02,19.9,29.9,0.03,6,0,25,0,,,
2017-01-22 09:10:01,19.7,29.9,0.03,6,0,24.9,0,,,
2017-01-22 10:00:00,19.7,29.9,0.04,6,0,25,0,,,
2017-01-22 11:00:02,19.8,29.9,0.04,6,0,25,0,,,
2017-01-22 12:00:02,20.1,29.9,0.04,6,0,25,0,,,
2017-01-22 13:00:01,20.4,29.9,0.04,5,0,25,0,,,
2017-01-22 14:00:01,20.7,29.9,0.04,6,0,25,0,,,
2017-01-22 15:00:01,21.1,29.9,0.04,7,0,25,0,,,
2017-01-22 16:00:00,21.5,29.9,0.04,6,0,25,0,,,
2017-01-22 17:00:00,21.7,29.9,0.04,6,0,25,0,,,
2017-01-22 18:00:01,21.8,29.9,0.04,6,0,25,0,,,
2017-01-22 19:00:00,21.8,29.9,0.04,7,0,25,0,,,
2017-01-22 20:00:02,21.7,29.9,0.04,6,0,25,0,,,
2017-01-22 21:00:01,21.6,29.8,0.04,6,0,25,0,,,
2017-01-22 22:00:02,21.5,29.8,0.04,7,0,25,0,,,
2017-01-22 23:00:00,21.3,29.7,0.03,7,0,25,0,,,
2017-01-23 00:00:02,21.2,29.7,0.03,7,0,25,0,,,
2017-01-23 01:00:01,21.1,29.7,0.04,7,0,25,0,,,
2017-01-23 02:00:03,21,29.7,0.03,7,0,25,0,,,
2017-01-23 03:00:01,20.8,29.7,0.04,7,0,25,0,,,
2017-01-23 04:00:00,20.7,29.7,0.03,6,0,25,0,,,
2017-01-23 05:00:02,20.6,29.7,0.03,5,0,25,0,,,
2017-01-23 06:00:01,20.5,29.7,0.04,6,0,25,0,,,
2017-01-23 07:00:00,20.4,29.6,0.03,6,0,25,0,,,
2017-01-23 08:00:01,20.3,29.6,0.03,6,0,25,0,,,
2017-01-23 09:00:01,20.2,29.6,0.04,5,0,25,0,,,
2017-01-23 10:00:03,20.2,29.6,0.03,7,0,25,0,,,
2017-01-23 11:00:01,20.4,29.6,0.04,8,0,25,0,,,
2017-01-23 12:00:01,20.6,29.6,0.04,7,0,25,0,,,
2017-01-23 13:00:03,20.9,29.6,0.04,7,0,25,0,,,
2017-01-23 14:00:01,21.2,29.6,0.04,6,0,25,17,,,
2017-01-23 15:00:00,22.6,25,0.01,7,0,25,40,,,
2017-01-23 16:00:02,22.3,24.9,0.01,8,0,25,0,,,
2017-01-23 17:00:01,22.1,24.9,0.01,6,0,25,0,,,
2017-01-23 18:00:00,22.1,24.9,0.01,6,0,25,0,,,
2017-01-23 19:00:01,21.9,24.9,0.01,6,0,25,0,,,
2017-01-23 20:00:00,21.7,24.9,0.01,6,0,25,0,,,
2017-01-23 21:00:02,21.6,24.8,0.01,7,0,25,0,,,
2017-01-23 22:00:01,21.5,24.8,0.01,5,0,25,0,,,
2017-01-23 23:00:00,21.3,24.8,0.01,8,0,25,0,,,
2017-01-24 00:00:02,21.2,24.7,0.01,8,0,25,0,,,
2017-01-24 01:00:00,21,24.8,0.01,6,0,25,0,,,
2017-01-24 02:00:02,20.9,24.8,0.01,7,0,25,0,,,
2017-01-24 03:00:02,20.7,24.8,0.01,6,0,25,0,,,
2017-01-24 04:00:00,20.6,24.8,0.01,5,0,25,0,,,
2017-01-24 05:00:02,20.5,24.8,0.01,6,0,25,0,,,
2017-01-24 06:00:01,20.3,24.7,0.01,7,0,25,0,,,
2017-01-24 07:00:00,20.2,24.7,0.01,7,0,25,0,,,
2017-01-24 08:00:02,20.1,24.7,0.01,6,0,25,0,,,
2017-01-24 09:00:01,20.1,24.7,0.01,6,0,25,0,,,
2017-01-24 10:00:03,20.1,24.7,0.01,6,0,25,0,,,
2017-01-24 11:00:01,20.3,24.7,0.01,6,0,25,0,,,
2017-01-24 12:00:00,20.5,24.7,0.01,7,0,25,0,,,
2017-01-24 13:00:02,20.9,24.8,0.01,7,0,25,0,,,
2017-01-24 14:00:01,21.2,24.8,0.01,7,0,25,0,,,
2017-01-24 15:00:02,21.6,24.8,0.01,7,0,25,0,,,
2017-01-24 16:00:01,21.9,24.8,0.01,8,0,25,0,,,
2017-01-24 17:00:00,22.1,24.9,0.01,7,0,25,0,,,
2017-01-24 18:00:02,22.2,24.9,0.01,7,0,25,0,,,
2017-01-24 19:00:00,22.1,24.9,0.01,7,0,25,0,,,
2017-01-24 20:00:02,21.9,24.8,0.01,6,0,25,0,,,
2017-01-24 21:00:01,21.7,24.8,0.01,8,0,25,0,,,
2017-01-24 22:00:00,21.6,24.7,0.01,7,0,25,0,,,
2017-01-24 23:00:02,21.4,24.7,0.01,7,0,25,0,,,
2017-01-25 00:00:00,,,,,,,,,,
2017-01-25 00:00:01,21.2,24.7,0.01,8,0,25,0,,,
2017-01-25 01:00:03,21.1,24.7,0.01,8,0,25,0,,,
2017-01-25 02:00:01,20.9,24.7,0.01,7,0,25,0,,,
2017-01-25 03:00:00,20.8,24.7,0.01,7,0,25,0,,,
2017-01-25 04:00:02,20.7,24.7,0.01,7,0,25,0,,,
2017-01-25 05:00:01,20.5,24.7,0.01,6,0,25,0,,,
2017-01-25 06:00:00,20.5,24.7,0.01,8,0,25,0,,,
2017-01-25 07:00:02,20.3,24.7,0.01,7,0,25,0,,,
2017-01-25 08:00:00,20.2,24.7,0.01,8,0,25,0,,,
2017-01-25 09:00:02,20.1,24.7,0.01,7,0,25,0,,,
2017-01-25 10:00:01,20.2,24.7,0.01,8,0,24.9,0,,,
2017-01-25 11:00:00,20.3,24.7,0.01,7,0,24.9,0,,,
2017-01-25 12:00:02,20.6,24.7,0.01,9,0,25,0,,,
2017-01-25 13:00:00,21,24.7,0.01,8,0,24.9,0,,,
2017-01-25 14:00:02,21.4,24.7,0.01,7,0,24.9,0,,,
2017-01-25 15:00:01,21.7,24.7,0.01,7,0,24.9,0,,,
2017-01-25 16:00:00,22,24.7,0.01,7,0,24.9,0,,,
2017-01-25 17:00:02,22.2,24.7,0.01,8,0,25,0,,,
2017-01-25 18:00:00,22.3,24.8,0.01,8,0,24.9,0,,,
2017-01-25 19:00:02,22.2,24.8,0.01,8,0,24.9,0,,,
2017-01-25 20:00:01,22,24.7,0.01,8,0,24.9,0,,,
2017-01-25 21:00:00,21.8,24.7,0.01,8,0,24.9,0,,,
2017-01-25 22:00:02,21.5,24.7,0.01,7,0,25,0,,,
2017-01-25 23:00:01,21.3,24.6,0.01,8,0,24.9,0,,,
2017-01-26 00:00:02,21,24.6,0.01,8,0,24.9,0,,,
2017-01-26 01:00:01,20.8,24.6,0.01,8,0,24.9,0,,,
2017-01-26 02:00:00,20.5,24.5,0.01,7,0,24.9,0,,,
2017-01-26 03:00:02,20.3,24.5,0.01,8,0,24.9,0,,,
2017-01-26 04:00:01,20.1,24.5,0.01,7,0,24.9,0,,,
2017-01-26 05:00:00,19.8,24.5,0.01,7,0,24.9,0,,,
2017-01-26 06:00:02,19.6,24.4,0.01,6,0,24.9,0,,,
2017-01-26 07:00:01,19.3,24.4,0.01,7,0,24.9,0,,,
2017-01-26 08:00:03,19.2,24.4,0.01,8,0,24.9,0,,,
2017-01-26 09:00:01,19,24.4,0.01,7,0,24.9,0,,,
2017-01-26 10:00:00,18.9,24.4,0.01,8,0,24.9,0,,,
2017-01-26 11:00:02,19,24.5,0.01,8,0,24.9,0,,,
2017-01-26 12:00:01,19.1,24.5,0.01,7,0,24.9,0,,,
2017-01-26 13:00:03,19.3,24.5,0.01,6,0,24.9,0,,,
2017-01-26 14:00:01,19.7,24.5,0.01,7,0,24.9,0,,,
2017-01-26 15:00:00,20.3,24.5,0.01,7,0,24.9,0,,,
2017-01-26 16:00:02,20.9,24.5,0.01,7,0,24.9,0,,,
2017-01-26 17:00:01,21.3,24.6,0.01,7,0,24.9,0,,,
2017-01-26 18:00:02,21.3,24.6,0.01,6,0,24.9,0,,,
2017-01-26 19:00:01,21.3,24.5,0.01,7,0,24.9,0,,,
2017-01-26 20:00:00,21.2,24.5,0.01,6,0,24.9,0,,,
2017-01-26 21:00:02,20.9,24.5,0.01,7,0,24.9,0,,,
2017-01-26 22:00:01,20.8,24.5,0.01,7,0,24.9,0,,,
2017-01-26 23:00:03,20.5,24.5,0.01,7,0,24.9,0,,,
2017-01-27 00:00:01,20.3,24.4,0.01,7,0,24.9,0,,,
2017-01-27 01:00:00,20.1,24.4,0.01,8,0,24.9,0,,,
2017-01-27 02:00:02,19.8,24.4,0.01,7,0,24.9,0,,,
2017-01-27 03:00:01,19.6,24.3,0.01,6,0,24.9,0,,,
2017-01-27 04:00:00,19.4,24.3,0.01,6,0,24.9,0,,,
2017-01-27 05:00:02,19.2,24.3,0.01,8,0,24.9,0,,,
2017-01-27 06:00:01,19,24.3,0.01,7,0,24.9,0,,,
2017-01-27 07:00:00,18.8,24.3,0.01,6,0,24.9,0,,,
2017-01-27 08:00:01,18.6,24.3,0.01,7,0,24.9,0,,,
2017-01-27 09:00:00,18.5,24.3,0.01,7,0,24.9,0,,,
2017-01-27 10:00:02,18.4,24.3,0.01,7,0,24.9,0,,,
2017-01-27 11:00:01,18.6,24.3,0.01,6,0,24.9,0,,,
2017-01-27 12:00:00,18.7,24.3,0.01,5,0,24.9,0,,,
2017-01-27 13:00:01,18.8,24.3,0.01,8,0,24.9,0,,,
2017-01-27 14:00:00,19.2,24.3,0.01,5,0,24.9,0,,,
2017-01-27 15:00:02,19.9,24.4,0.01,7,0,24.9,0,,,
2017-01-27 16:00:01,20.7,24.4,0.01,7,0,24.9,0,,,
2017-01-27 17:00:03,21.1,24.5,0.01,7,0,24.9,0,,,
2017-01-27 18:00:01,21.3,24.5,0.01,7,0,24.9,0,,,
2017-01-27 19:00:00,21.2,24.5,0.01,6,0,24.9,0,,,
2017-01-27 20:00:02,21.1,24.4,0.01,6,0,24.9,0,,,
2017-01-27 21:00:01,20.8,24.4,0.01,6,0,24.9,0,,,
2017-01-27 22:00:00,20.6,24.4,0.01,6,0,24.9,0,,,
2017-01-27 23:00:01,20.4,24.3,0.01,6,0,24.9,0,,,
2017-01-28 00:00:00,20.1,24.3,0.01,6,0,24.9,0,,,
2017-01-28 01:00:02,19.9,24.3,0.01,7,0,24.9,0,,,
2017-01-28 02:00:01,19.7,24.2,0.01,7,0,24.9,0,,,
2017-01-28 03:00:00,19.5,24.2,0.01,6,0,24.9,0,,,
2017-01-28 04:00:02,19.3,24.2,0.01,7,0,24.9,0,,,
2017-01-28 05:00:01,19.1,24.2,0.01,7,0,24.9,0,,,
2017-01-28 06:00:02,18.9,24.2,0.01,8,0,24.9,0,,,
2017-01-28 07:00:01,18.8,24.1,0.01,8,0,24.9,0,,,
2017-01-28 08:00:00,18.6,24.1,0.01,6,0,24.9,3,,,
2017-01-28 09:00:02,18.4,24.1,0.01,8,0,24.9,0,,,
2017-01-28 10:00:01,18.4,24.1,0.01,8,0,24.9,0,,,
2017-01-28 11:00:00,18.5,24.1,0.01,8,0,24.9,0,,,
2017-01-28 12:00:02,18.7,24.2,0.01,7,0,24.9,0,,,
2017-01-28 13:00:01,18.9,24.1,0.01,6,0,24.9,0,,,
2017-01-28 14:00:02,19.3,24.2,0.01,6,0,24.9,0,,,
2017-01-28 15:00:01,20.1,24.2,0.01,8,0,24.9,0,,,
2017-01-28 16:00:00,20.9,24.3,0.01,6,0,24.9,0,,,
2017-01-28 17:00:02,21.4,24.3,0.01,7,0,24.9,0,,,
2017-01-28 18:00:01,21.6,24.3,0.01,7,0,24.9,0,,,
2017-01-28 19:00:02,21.5,24.3,0.01,6,0,24.9,0,,,
2017-01-28 20:00:01,21.4,24.3,0.01,7,0,24.9,0,,,
2017-01-28 21:00:00,21.2,24.2,0.01,6,0,24.9,0,,,
2017-01-28 22:00:02,21,24.2,0.01,6,0,24.9,0,,,
2017-01-28 23:00:01,20.8,24.2,0.01,6,0,24.9,0,,,
2017-01-29 00:00:03,20.6,24.1,0.01,8,0,24.8,0,,,
2017-01-29 01:00:01,20.4,24.1,0.01,7,0,24.8,0,,,
2017-01-29 02:00:00,20.2,24.1,0.01,6,0,24.8,0,,,
2017-01-29 03:00:02,20.1,24,0.01,6,0,24.8,0,,,
2017-01-29 04:00:01,19.9,24,0.01,7,0,24.8,0,,,
2017-01-29 05:00:00,19.8,24,0.01,6,0,24.8,0,,,
2017-01-29 06:00:02,19.7,24,0.01,6,0,24.8,0,,,
2017-01-29 07:00:00,19.5,24,0.01,7,0,24.8,0,,,
2017-01-29 08:00:02,19.3,23.9,0.01,6,0,24.8,0,,,
2017-01-29 09:00:01,19.3,23.9,0.01,7,0,24.8,0,,,
2017-01-29 10:00:00,19.3,24,0.01,7,0,24.8,0,,,
2017-01-29 11:00:02,19.4,24,0.01,8,0,24.8,0,,,
2017-01-29 12:00:01,19.6,24,0.01,8,0,24.8,0,,,
2017-01-29 13:00:02,19.9,24,0.01,7,0,24.8,0,,,
2017-01-29 14:00:01,20.3,24,0.01,7,0,24.8,0,,,
2017-01-29 15:00:00,21,24,0.01,8,0,24.8,0,,,
2017-01-29 16:00:02,21.8,24.1,0.01,7,0,24.8,0,,,
2017-01-29 17:00:00,22.3,24.2,0.01,7,0,24.8,0,,,
2017-01-29 18:00:02,22.5,24.2,0.01,7,0,24.8,0,,,
2017-01-29 19:00:01,22.4,24.2,0.01,7,0,24.8,0,,,
2017-01-29 20:00:00,22.3,24.1,0.01,6,0,24.8,0,,,
2017-01-29 21:00:02,22.1,24,0.01,6,0,24.8,0,,,
2017-01-29 22:00:01,21.9,24,0.01,7,0,24.8,0,,,
2017-01-29 23:00:02,21.7,24,0.01,6,0,24.8,0,,,
2017-01-30 00:00:01,21.5,24,0.01,8,0,24.8,0,,,
2017-01-30 01:00:00,21.3,23.9,0.01,7,0,24.8,0,,,
2017-01-30 02:00:02,21.1,23.9,0.01,6,0,24.8,0,,,
2017-01-30 03:00:01,20.9,23.8,0.01,6,0,24.8,0,,,
2017-01-30 04:00:00,20.7,23.8,0.01,7,0,24.8,0,,,
2017-01-30 05:00:02,20.5,23.8,0.01,7,0,24.8,0,,,
2017-01-30 06:00:00,20.4,23.8,0.01,6,0,24.8,0,,,
2017-01-30 07:00:02,20.2,23.8,0.01,7,0,24.8,0,,,
2017-01-30 08:00:01,20.1,23.8,0.01,6,0,24.8,0,,,
2017-01-30 09:00:00,20,23.8,0.01,7,0,24.8,0,,,
2017-01-30 10:00:02,20,23.7,0.01,7,0,24.8,0,,,
2017-01-30 11:00:00,20.1,23.7,0.01,7,0,24.8,0,,,
2017-01-30 12:00:02,20.4,23.8,0.01,7,0,24.8,0,,,
2017-01-30 13:00:01,20.6,23.8,0.01,6,0,24.8,0,,,
2017-01-30 14:00:00,21,23.8,0.01,7,0,24.8,0,,,
2017-01-30 15:00:02,21.7,23.8,0.01,8,0,24.8,0,,,
2017-01-30 16:00:00,22.3,23.9,0.01,7,0,24.8,0,,,
2017-01-30 17:00:02,22.7,23.9,0.01,7,0,24.8,1,,,
2017-01-30 18:00:01,22.8,24,0.01,7,0,24.8,0,,,
2017-01-30 19:00:00,22.8,23.9,0.01,6,0,24.8,0,,,
2017-01-30 20:00:02,22.6,23.8,0.01,7,0,24.8,0,,,
2017-01-30 21:00:00,22.5,23.8,0.01,7,0,24.8,0,,,
2017-01-30 22:00:02,22.4,23.8,0.01,7,0,24.8,0,,,
2017-01-30 23:00:01,22.1,23.8,0,6,0,24.8,0,,,
2017-01-31 00:00:00,22,23.8,0.01,7,0,24.8,0,,,
2017-01-31 01:00:02,21.8,23.7,0.01,6,0,24.8,0,,,
2017-01-31 02:00:01,21.6,23.7,0.01,7,0,24.8,0,,,
2017-01-31 03:00:00,21.4,23.6,0.01,6,0,24.8,0,,,
2017-01-31 04:00:02,21.3,23.6,0.01,7,0,24.8,0,,,
2017-01-31 05:00:01,21.1,23.6,0.01,7,0,24.8,0,,,
2017-01-31 06:00:03,20.9,23.6,0.01,7,0,24.8,0,,,
2017-01-31 07:00:01,20.8,23.5,0.01,7,0,24.8,0,,,
2017-01-31 08:00:00,20.6,23.5,0.01,7,0,24.8,1,,,
2017-01-31 09:00:02,20.5,23.4,0.01,8,0,24.8,0,,,
2017-01-31 10:00:01,20.6,23.3,0.01,6,0,24.8,0,,,
2017-01-31 13:00:00,21,23.6,0.01,8,0,24.8,0,,,
2017-02-03 07:00:00,20.4,23.2,0.01,7,0,24.7,0,,,
2017-02-03 08:00:00,20.1,23.2,0,7,0,24.7,1,,,
2017-02-03 08:00:02,20.2,23.1,0.01,7,0,24.7,0,,,
2017-02-03 09:00:02,20.1,23.2,0.01,7,0,24.7,0,,,
2017-02-03 10:00:00,20.1,23.3,0.01,7,0,24.7,0,,,
2017-02-03 11:00:02,20.3,23.4,0.01,7,0,24.7,0,,,
2017-02-03 12:00:01,20.5,23.4,0.01,8,0,24.7,0,,,
2017-02-03 13:00:00,20.9,23.4,0.01,7,0,24.7,0,,,
2017-02-03 14:00:02,21.3,23.4,0.01,6,0,24.7,0,,,
2017-02-03 15:00:00,22,23.5,0,7,0,24.7,0,,,
2017-02-03 16:00:02,22.6,23.5,0.01,8,0,24.7,0,,,
2017-02-03 17:00:01,23,23.6,0.01,7,0,24.7,0,,,
2017-02-03 18:00:02,23.2,23.6,0,7,0,24.7,0,,,
2017-02-03 19:00:01,23.1,23.5,0,8,0,24.7,0,,,
2017-02-03 20:00:00,22.9,23.5,0.01,8,0,24.7,0,,,
2017-02-03 21:00:02,22.7,23.4,0.01,7,0,24.7,0,,,
2017-02-03 22:00:00,22.4,23.4,0.01,8,0,24.7,0,,,
2017-02-03 23:00:02,22.1,23.4,0.01,7,0,24.7,0,,,
2017-02-04 00:00:01,21.9,23.3,0.01,8,0,24.7,0,,,
2017-02-04 01:00:02,21.7,23.3,0.01,6,0,24.7,0,,,
2017-02-04 02:00:01,21.6,23.2,0.01,6,0,24.7,0,,,
2017-02-04 03:00:00,21.4,23.2,0.01,7,0,24.7,0,,,
2017-02-04 04:00:02,21.3,23.2,0.01,7,0,24.7,0,,,
2017-02-04 05:00:00,21.1,23.2,0.01,6,0,24.7,0,,,
2017-02-04 06:00:02,21,23.2,0.01,7,0,24.7,0,,,
2017-02-04 07:00:01,20.9,23.1,0.01,7,0,24.7,0,,,
2017-02-04 08:00:03,20.8,23.1,0.01,6,0,24.7,0,,,
2017-02-04 09:00:01,20.7,23.1,0,7,0,24.7,0,,,
2017-02-04 10:00:00,20.7,23.1,0.01,7,0,24.7,0,,,
2017-02-04 11:00:02,20.7,23.1,0,7,0,24.7,0,,,
2017-02-04 12:00:00,20.9,23.2,0.01,8,0,24.7,0,,,
2017-02-04 13:00:02,21.2,23.2,0.01,8,0,24.7,0,,,
2017-02-04 14:00:01,21.5,23.2,0.01,7,0,24.7,0,,,
2017-02-04 15:00:02,21.7,23.2,0.01,8,0,24.7,0,,,
2017-02-04 16:00:01,22.1,23.3,0.01,8,0,24.7,0,,,
2017-02-04 17:00:00,22.2,23.3,0.01,8,0,24.7,0,,,
2017-02-04 18:00:01,22.3,23.3,0.01,8,0,24.7,0,,,
2017-02-04 19:00:00,22.3,23.3,0.01,8,0,24.7,0,,,
2017-02-04 20:00:02,22.1,23.2,0,10,0,24.7,0,,,
2017-02-04 21:00:00,22,23.2,0.01,9,0,24.7,0,,,
2017-02-04 22:00:02,21.9,23.2,0.01,8,0,24.7,0,,,
2017-02-04 23:00:01,21.7,23.2,0.01,7,0,24.7,0,,,
2017-02-05 00:00:03,21.6,23.1,0.01,8,0,24.7,0,,,
2017-02-05 01:00:01,21.5,23.1,0.01,9,0,24.7,0,,,
2017-02-05 02:00:00,21.3,23.1,0.01,9,0,24.7,0,,,
2017-02-05 03:00:02,21.2,23.1,0.01,9,0,24.7,0,,,
2017-02-05 04:00:00,21.1,23,0.01,7,0,24.7,0,,,
2017-02-05 05:00:02,20.9,23,0.01,8,0,24.7,0,,,
2017-02-05 06:00:01,20.8,23,0.01,9,0,24.7,0,,,
2017-02-05 07:00:03,20.7,23,0.01,9,0,24.7,0,,,
2017-02-05 08:00:01,20.5,23,0.01,9,0,24.7,0,,,
2017-02-05 09:00:00,20.5,22.9,0.01,8,0,24.7,0,,,
2017-02-05 10:00:02,20.5,23,0.01,8,0,24.7,0,,,
2017-02-05 11:00:00,20.7,23,0.01,9,0,24.7,0,,,
2017-02-05 12:00:02,21.1,23,0.01,8,0,24.7,0,,,
2017-02-05 13:00:01,21.5,23.1,0.01,8,0,24.6,0,,,
2017-02-05 14:00:02,21.8,23.1,0.01,8,0,24.6,0,,,
2017-02-05 15:00:01,22.2,23.1,0.01,8,0,24.6,0,,,
2017-02-05 16:00:00,22.5,23.1,0.01,9,0,24.6,0,,,
2017-02-05 17:00:01,22.8,23.1,0.01,7,0,24.6,0,,,
2017-02-05 18:00:00,22.8,23.2,0.01,9,0,24.6,0,,,
2017-02-05 19:00:02,22.8,23.1,0.01,8,0,24.6,0,,,
2017-02-05 20:00:00,22.6,23.1,0.01,8,0,24.6,0,,,
2017-02-05 21:00:02,22.5,23.1,0.01,8,0,24.6,0,,,
2017-02-05 22:00:01,22.3,23,0.01,8,0,24.6,0,,,
2017-02-05 23:00:00,22.2,23,0,8,0,24.6,0,,,
2017-02-06 00:00:01,22,23,0.01,8,0,24.6,0,,,
2017-02-06 01:00:00,21.9,23,0.01,8,0,24.6,0,,,
2017-02-06 02:00:02,21.8,22.9,0,6,0,24.6,0,,,
2017-02-06 03:00:00,21.7,22.9,0.01,7,0,24.6,0,,,
2017-02-06 04:00:02,21.6,22.9,0.01,8,0,24.6,0,,,
2017-02-06 05:00:01,21.5,22.9,0.01,7,0,24.6,0,,,
2017-02-06 06:00:00,21.3,22.9,0,9,0,24.6,0,,,
2017-02-06 07:00:01,21.2,22.9,0.01,7,0,24.6,1,,,
2017-02-06 08:00:00,21.1,22.8,0.01,8,0,24.6,0,,,
2017-02-06 09:00:02,21,22.8,0,9,0,24.6,0,,,
2017-02-06 10:00:01,21,22.9,0.01,9,0,24.6,0,,,
2017-02-06 11:00:02,21.2,22.9,0.01,8,0,24.6,0,,,
2017-02-06 12:00:01,21.5,22.9,0.01,9,0,24.6,0,,,
2017-02-06 13:00:00,21.9,22.9,0.01,9,0,24.6,0,,,
2017-02-06 14:00:01,22.4,22.9,0.01,7,0,24.6,0,,,
2017-02-06 15:00:00,22.9,23,0,8,0,24.6,0,,,
2017-02-06 16:00:02,23.3,23,0.01,8,0,24.6,0,,,
2017-02-10 20:10:01,20.2,21.9,0.01,7,0,24.6,0,,,
2017-02-10 21:00:00,20.1,21.9,0,7,0,24.6,0,,,
2017-02-10 22:00:02,20,21.9,0.01,8,0,24.6,0,,,
2017-02-10 23:00:01,19.8,21.9,0.01,6,0,24.6,0,,,
2017-02-11 00:00:03,19.7,21.9,0,7,0,24.6,0,,,
2017-02-11 01:00:01,19.6,21.9,0,7,0,24.6,0,,,
2017-02-11 02:00:00,19.5,21.9,0.01,6,0,24.6,0,,,
2017-02-11 03:00:02,19.3,21.8,0.01,6,0,24.6,0,,,
2017-02-11 04:00:01,19.2,21.8,0.01,6,0,24.6,0,,,
2017-02-11 05:00:00,19.1,21.8,0,6,0,24.6,0,,,
2017-02-11 06:00:01,19,21.8,0.01,6,0,24.6,0,,,
2017-02-11 07:00:00,18.9,21.6,0,7,0,24.6,0,,,
2017-02-11 08:00:02,18.8,21.6,0,6,0,24.6,0,,,
2017-02-11 09:00:01,18.7,21.6,0.01,9,0,24.6,0,,,
2017-02-11 10:00:00,18.7,21.6,0.01,7,0,24.6,4,,,
2017-02-11 11:00:01,18.8,21.6,0.01,6,0,24.6,1,,,
2017-02-11 12:00:02,18.8,21.6,0.01,6,0,24.6,0,,,
2017-02-11 13:00:01,19,21.6,0,7,0,24.6,0,,,
2017-02-11 14:00:00,19.1,21.6,0,7,0,24.6,0,,,
2017-02-13 07:30:03,18,21.8,0.01,6,0,24.4,9,,,
2017-02-13 08:00:02,18,21.8,0.01,6,0,24.5,0,,,
2017-02-13 09:00:01,18,21.8,0.01,6,0,24.6,0,,,
2017-02-13 10:00:00,18,21.9,0,7,0,24.6,0,,,
2017-02-13 11:00:02,18.2,21.9,0,7,0,24.6,0,,,
2017-02-13 12:00:00,18.4,21.9,0.01,6,0,24.6,1,,,
2017-02-13 13:00:02,18.8,22,0.01,5,0,24.6,0,,,
2017-02-13 14:00:01,19.2,22,0.01,5,0,24.6,33,,,
2017-02-13 15:00:03,19.9,22.1,0,7,0,24.6,4,,,
2017-02-13 16:00:01,20.4,22.1,0.01,7,0,24.6,0,,,
2017-02-13 17:00:00,20.7,22.1,0.01,7,0,24.6,3,,,
2017-02-13 18:00:02,20.8,22.1,0.01,8,0,24.6,0,,,
2017-02-13 19:00:01,20.7,22.1,0.01,7,0,24.6,0,,,
2017-02-13 20:00:02,20.6,22.1,0.01,7,0,24.6,0,,,
2017-02-13 21:00:01,20.5,22.1,0.01,7,0,24.6,0,,,
2017-02-13 22:00:00,20.3,22,0,6,0,24.6,0,,,
2017-02-13 23:00:02,20.1,22,0,6,0,24.6,0,,,
2017-02-14 00:00:01,19.8,22,0.01,8,0,24.6,0,,,
2017-02-14 01:00:03,19.6,21.9,0.01,8,0,24.6,0,,,
2017-02-14 02:00:01,19.4,21.9,0,7,0,24.6,0,,,
2017-02-14 03:00:00,19.2,21.8,0.01,5,0,24.6,0,,,
2017-02-14 04:00:02,19,21.8,0,6,0,24.6,0,,,
2017-02-14 05:00:01,18.7,21.8,0.01,6,0,24.6,0,,,
2017-02-14 06:00:00,18.6,21.7,0,7,0,24.6,0,,,
2017-02-14 07:00:02,18.4,21.7,0.01,6,0,24.5,0,,,
2017-02-14 08:00:00,18.2,21.7,0,6,0,24.6,0,,,
2017-02-14 09:00:02,18.1,21.7,0,6,0,24.6,0,,,
2017-02-14 10:00:02,18.1,21.7,0.01,7,0,24.5,12,,,
2017-02-14 11:00:01,18.3,21.8,0,6,0,24.6,0,,,
2017-02-14 12:00:00,18.5,21.7,0,7,0,24.6,0,,,
2017-02-14 13:00:02,18.8,21.8,0.01,8,0,24.6,0,,,
2017-02-14 14:00:01,19.5,21.8,0.01,7,0,24.5,0,,,
2017-02-14 15:00:02,20.3,21.9,0.01,6,0,24.6,0,,,
2017-02-14 16:00:01,20.8,21.9,0,6,0,24.6,0,,,
2017-02-14 17:00:00,20.9,21.9,0.01,6,0,24.6,0,,,
2017-02-14 18:00:02,20.9,21.9,0,6,0,24.5,0,,,
2017-02-14 19:00:01,20.9,21.9,0.01,6,0,24.5,0,,,
2017-02-14 20:00:00,20.7,21.9,0.01,6,0,24.5,0,,,
2017-02-14 21:00:02,20.6,21.8,0.01,8,0,24.5,0,,,
2017-02-14 22:00:00,20.4,21.8,0.01,7,0,24.5,0,,,
2017-02-14 23:00:02,20.2,21.8,0.01,7,0,24.5,0,,,
2017-02-15 00:00:01,20,21.7,0.01,7,0,24.5,0,,,
2017-02-15 01:00:00,19.8,21.7,0,7,0,24.5,0,,,
2017-02-15 02:00:02,19.6,21.6,0.01,7,0,24.5,0,,,
2017-02-15 03:00:01,19.2,21.6,0.01,8,0,24.5,0,,,
2017-02-15 04:00:00,19,21.6,0.01,7,0,24.5,0,,,
2017-02-15 05:00:02,18.8,21.6,0.01,7,0,24.5,0,,,
2017-02-15 06:00:00,18.6,21.6,0,6,0,24.5,0,,,
2017-02-15 07:00:02,18.4,21.6,0.01,7,0,24.5,0,,,
2017-02-15 08:00:01,18.2,21.6,0,6,0,24.5,0,,,
2017-02-15 09:00:00,18,21.6,0.01,8,0,24.5,0,,,
2017-02-15 10:00:02,18,21.5,0,7,0,24.5,0,,,
2017-02-15 11:00:00,18.2,21.6,0.01,8,0,24.5,0,,,
2017-02-15 12:00:03,18.5,21.6,0.01,7,0,24.5,0,,,
2017-02-15 13:00:01,18.8,21.6,0.01,6,0,24.5,0,,,
2017-02-15 14:00:00,19.5,21.6,0.01,7,0,24.5,0,,,
2017-02-15 15:00:02,20.4,21.7,0,8,0,24.5,0,,,
2017-02-15 16:00:01,21.1,21.8,0.01,7,0,24.5,0,,,
2017-02-15 17:00:02,21.6,21.9,0.01,7,0,24.5,0,,,
2017-02-15 18:00:01,21.7,21.9,0,7,0,24.5,0,,,
2017-02-15 19:00:00,21.6,21.8,0.01,7,0,24.5,0,,,
2017-02-15 20:00:02,21.4,21.8,0.01,7,0,24.5,0,,,
2017-02-15 21:00:00,21.2,21.8,0.01,7,0,24.5,0,,,
2017-02-15 22:00:02,20.9,21.8,0.01,7,0,24.5,0,,,
2017-02-15 23:00:01,20.7,21.7,0.01,7,0,24.5,0,,,
2017-02-16 00:00:00,20.4,21.6,0,8,0,24.5,0,,,
2017-02-16 01:00:02,20.1,21.6,0.01,6,0,24.5,0,,,
2017-02-16 02:00:01,19.9,21.6,0.01,7,0,24.5,0,,,
2017-02-16 03:00:02,19.6,21.6,0.01,7,0,24.5,0,,,
2017-02-16 04:00:01,19.3,21.5,0,7,0,24.5,0,,,
2017-02-16 05:00:00,19.1,21.5,0,7,0,24.5,0,,,
2017-02-16 06:00:02,18.9,21.4,0,7,0,24.5,0,,,
2017-02-16 17:20:01,22.2,21.8,0.01,8,0,24.5,0,,,
2017-02-16 18:00:02,22.3,21.8,0.01,6,0,24.5,0,,,
2017-02-16 19:00:02,22.3,21.8,0,7,0,24.5,0,,,
2017-02-16 20:00:00,22.1,21.8,0.01,8,0,24.5,0,,,
2017-02-16 21:00:02,21.7,21.7,0.01,8,0,24.5,0,,,
2017-02-16 22:00:01,21.5,21.6,0.01,7,0,24.5,0,,,
2017-02-16 23:00:00,21.2,21.6,0,7,0,24.5,0,,,
2017-02-17 00:00:02,20.9,21.6,0.01,8,0,24.5,0,,,
2017-02-17 01:00:00,20.6,21.6,0.01,7,0,24.5,0,,,
2017-02-17 02:00:02,20.4,21.5,0,7,0,24.5,0,,,
2017-02-17 03:00:01,20.1,21.5,0.01,8,0,24.5,0,,,
2017-02-17 04:00:00,19.9,21.4,0,7,0,24.4,0,,,
2017-02-17 05:00:02,19.6,21.4,0.01,9,0,24.4,0,,,
2017-02-17 06:00:01,19.4,21.4,0.01,8,0,24.4,0,,,
2017-02-17 07:00:00,19.2,21.4,0,7,0,24.4,1,,,
2017-02-17 08:00:01,19,21.3,0.01,7,0,24.4,0,,,
2017-02-17 09:00:00,18.8,21.4,0,8,0,24.4,0,,,
2017-02-17 10:00:02,18.9,21.4,0,8,0,24.4,0,,,
2017-02-17 11:00:01,19.1,21.4,0.01,8,0,24.4,0,,,
2017-02-17 12:00:00,19.5,21.4,0.01,7,0,24.4,0,,,
2017-02-17 13:00:02,19.9,21.4,0.01,8,0,24.4,0,,,
2017-02-17 14:00:00,20.5,21.6,0,8,0,24.4,0,,,
2017-02-17 15:00:02,21.4,21.6,0.01,7,0,24.4,0,,,
2017-02-17 16:00:01,22.2,21.6,0.01,8,0,24.4,0,,,
2017-02-17 17:00:00,22.5,21.7,0,9,0,24.4,0,,,
2017-02-17 18:00:01,22.7,21.7,0,7,0,24.4,0,,,
2017-02-17 19:00:00,22.6,21.7,0.01,10,0,24.4,0,,,
2017-02-17 20:00:02,22.5,21.6,0,8,0,24.4,0,,,
2017-02-17 21:00:01,22.2,21.6,0.01,9,0,24.4,0,,,
2017-02-17 22:00:00,22,21.6,0.01,9,0,24.4,0,,,
2017-02-17 23:00:02,21.7,21.6,0,7,0,24.4,0,,,
2017-02-18 00:00:00,21.5,21.5,0.01,8,0,24.4,0,,,
2017-02-18 01:00:01,21.3,21.5,0.01,8,0,24.4,0,,,
2017-02-18 02:00:00,21,21.4,0,9,0,24.4,0,,,
2017-02-18 03:00:02,20.8,21.4,0.01,7,0,24.4,0,,,
2017-02-18 04:00:01,20.6,21.4,0,8,0,24.4,0,,,
2017-02-18 05:00:02,20.4,21.4,0,10,0,24.4,0,,,
2017-02-18 06:00:01,20.1,21.3,0.01,8,0,24.4,0,,,
2017-02-18 07:00:00,20,21.3,0,9,0,24.4,0,,,
2017-02-18 08:00:02,19.7,21.3,0,8,0,24.4,0,,,
2017-02-18 09:00:01,19.6,21.3,0,8,0,24.4,0,,,
2017-02-18 10:00:03,19.7,21.2,0,8,0,24.4,0,,,
2017-02-18 11:00:01,19.9,21.3,0,9,0,24.4,0,,,
2017-02-18 12:00:00,20.2,21.3,0.01,8,0,24.4,0,,,
2017-02-18 13:00:02,20.5,21.4,0.01,6,0,24.4,0,,,
2017-02-18 14:00:01,21.2,21.4,0.01,7,0,24.4,0,,,
2017-02-18 15:00:02,22.1,21.5,0.01,8,0,24.4,0,,,
2017-02-18 16:00:01,22.9,21.6,0,8,0,24.4,0,,,
2017-02-18 17:00:00,23.4,21.6,0,7,0,24.4,0,,,
2017-02-18 18:00:02,23.6,21.6,0.01,9,0,24.4,0,,,
2017-02-18 19:00:00,23.5,21.6,0.01,8,0,24.4,0,,,
2017-02-18 20:00:02,23.3,21.6,0,7,0,24.4,0,,,
2017-02-18 21:00:01,23,21.6,0,7,0,24.4,0,,,
2017-02-18 22:00:00,22.8,21.5,0,7,0,24.4,0,,,
2017-02-18 23:00:02,22.5,21.4,0,8,0,24.4,0,,,
2017-02-19 00:00:01,22.2,21.4,0,8,0,24.4,0,,,
2017-02-19 01:00:03,22,21.4,0.01,8,0,24.4,0,,,
2017-02-19 02:00:01,21.7,21.3,0,7,0,24.4,0,,,
2017-02-19 03:00:00,21.5,21.3,0.01,6,0,24.4,0,,,
2017-02-19 04:00:02,21.3,21.3,0.01,7,0,24.4,0,,,
2017-02-19 05:00:01,21.1,21.2,0,6,0,24.4,0,,,
2017-02-19 06:00:00,20.8,21.2,0.01,8,0,24.4,0,,,
2017-02-19 07:00:02,20.6,21.2,0,8,0,24.4,0,,,
2017-02-19 08:00:00,20.5,21.1,0,7,0,24.4,0,,,
2017-02-19 09:00:02,20.3,21.2,0,8,0,24.4,0,,,
2017-02-19 10:00:01,20.4,21.2,0.01,9,0,24.4,0,,,
2017-02-19 11:00:00,20.6,21.2,0.01,8,0,24.4,0,,,
2017-02-19 12:00:02,20.9,21.3,0.01,9,0,24.4,0,,,
2017-02-19 13:00:00,21.3,21.3,0.01,8,0,24.4,0,,,
2017-02-19 14:00:02,21.9,21.4,0.01,9,0,24.4,0,,,
2017-02-19 15:00:01,22.6,21.4,0.01,10,0,24.4,0,,,
2017-02-19 16:00:00,23.2,21.5,0,9,0,24.4,0,,,
2017-02-19 17:00:02,23.6,21.5,0.01,9,0,24.4,0,,,
2017-02-19 18:00:00,23.7,21.5,0,8,0,24.4,0,,,
2017-02-19 19:00:02,23.6,21.5,0.01,9,0,24.4,0,,,
2017-02-19 20:00:01,23.4,21.5,0.01,8,0,24.4,0,,,
2017-02-19 21:00:00,23.2,21.4,0,8,0,24.4,0,,,
2017-02-19 22:00:01,23.1,21.4,0.01,7,0,24.4,0,,,
2017-02-19 23:00:00,22.9,21.4,0.01,8,0,24.4,0,,,
2017-02-20 00:00:02,22.8,21.3,0,8,0,24.4,0,,,
2017-02-20 01:00:01,22.6,21.3,0,7,0,24.4,0,,,
2017-02-20 02:00:03,22.4,21.3,0.01,9,0,24.4,0,,,
2017-02-20 03:00:01,22.3,21.3,0.01,8,0,24.4,0,,,
2017-02-20 04:00:00,22.1,21.2,0,9,0,24.4,0,,,
2017-02-20 05:00:02,22,21.2,0.01,10,0,24.4,0,,,
2017-02-20 06:00:01,21.9,21.2,0,8,0,24.4,0,,,
2017-02-20 07:00:03,21.8,21.2,0,8,0,24.4,0,,,
2017-02-20 08:00:01,21.7,21.2,0,8,0,24.4,0,,,
2017-02-20 09:00:00,21.7,21.2,0.01,8,0,24.4,0,,,
2017-02-20 10:00:02,21.8,21.2,0,9,0,24.4,0,,,
2017-02-20 11:00:01,22.1,21.2,0.01,8,0,24.4,0,,,
2017-02-20 12:00:00,22.5,21.3,0.01,8,0,24.4,0,,,
2017-02-20 13:00:02,22.9,21.3,0.01,7,0,24.4,0,,,
2017-02-20 14:00:00,23.4,21.4,0.01,9,0,24.4,0,,,
2017-02-20 15:00:02,24,21.4,0,8,0,24.4,0,,,
2017-02-20 16:00:01,24.6,21.5,0,8,0,24.4,0,,,
2017-02-20 17:00:00,25,21.5,0,9,0,24.4,0,,,
2017-02-20 18:00:01,25.2,21.6,0.01,8,0,24.4,0,,,
2017-02-20 19:00:00,25.2,21.5,0.01,9,0,24.4,0,,,
2017-02-20 20:00:02,25.1,21.5,0.01,9,0,24.4,0,,,
2017-02-20 21:00:01,25,21.4,0,8,0,24.4,0,,,
2017-02-20 22:00:03,24.8,21.4,0,8,0,24.4,0,,,
2017-02-20 23:00:01,24.6,21.4,0,8,0,24.4,0,,,
2017-02-21 00:00:00,24.5,21.3,0.01,8,0,24.4,0,,,
2017-02-21 01:00:02,24.2,21.3,0,9,0,24.4,0,,,
2017-02-21 02:00:01,24.1,21.3,0,10,0,24.4,0,,,
2017-02-21 03:00:03,24,21.3,0,9,0,24.4,0,,,
2017-02-21 04:00:01,23.8,21.2,0,9,0,24.3,0,,,
2017-02-21 05:00:00,23.7,21.2,0,8,0,24.3,0,,,
2017-02-21 06:00:02,23.5,21.2,0,8,0,24.4,0,,,
2017-02-21 07:00:01,23.4,21.2,0,7,0,24.4,0,,,
2017-02-21 08:00:03,23.2,21.2,0.01,7,0,24.3,0,,,
2017-02-21 09:00:01,23,21.2,0,8,0,24.4,0,,,
2017-02-21 10:00:00,23.1,21.2,0,8,0,24.3,0,,,
2017-02-21 11:00:02,23.3,21.2,0,9,0,24.3,0,,,
2017-02-21 12:00:01,23.7,21.2,0,8,0,24.3,0,,,
2017-02-21 13:00:02,24.1,21.2,0.01,7,0,24.3,0,,,
2017-02-21 14:00:01,24.5,21.3,0.01,8,0,24.3,0,,,
2017-02-21 15:00:00,25,21.3,0.01,8,0,24.3,0,,,
2017-02-21 16:00:02,25.2,21.4,0.01,9,0,24.3,0,,,
2017-02-21 17:00:01,25.3,21.4,0,8,0,24.3,0,,,
2017-02-21 18:00:02,25.4,21.4,0,8,0,24.3,0,,,
2017-02-21 19:00:01,25.3,21.3,0,9,0,24.3,0,,,
2017-02-21 20:00:00,25.2,21.3,0,8,0,24.3,0,,,
2017-02-21 21:00:02,25,21.3,0,8,0,24.3,0,,,
2017-02-21 22:00:00,24.9,21.2,0.01,8,0,24.3,0,,,
2017-02-21 23:00:02,24.7,21.2,0,8,0,24.3,0,,,
2017-02-22 00:00:01,24.5,21.2,0,8,0,24.3,0,,,
2017-02-22 01:00:00,24.4,21.2,0,8,0,24.3,0,,,
2017-02-22 02:00:02,24.2,21.2,0,6,0,24.3,0,,,
2017-02-22 03:00:00,24,21.2,0,8,0,24.3,0,,,
2017-02-22 04:00:02,23.9,21.1,0,8,0,24.3,0,,,
2017-02-22 05:00:01,23.7,21.1,0,9,0,24.3,0,,,
2017-02-22 06:00:00,23.6,21.1,0.01,8,0,24.3,0,,,
2017-02-22 07:00:02,23.3,21,0,9,0,24.3,0,,,
2017-02-22 08:00:00,23.3,21,0,8,0,24.3,0,,,
2017-02-22 09:00:02,23.2,21,0,9,0,24.3,0,,,
2017-02-22 10:00:01,23.3,21.1,0,9,0,24.3,0,,,
2017-02-22 11:00:00,23.7,21.1,0,9,0,24.3,0,,,
2017-02-22 12:00:02,24.1,21.2,0.01,9,0,24.3,0,,,
2017-02-22 13:00:00,24.5,21.2,0,7,0,24.3,0,,,
2017-02-22 14:00:02,24.9,21.3,0,8,0,24.3,0,,,
2017-02-22 15:00:01,25.3,21.3,0,9,0,24.3,0,,,
2017-02-22 16:00:00,25.4,21.3,0,8,0,24.3,0,,,
2017-02-22 17:00:02,25.4,21.3,0,7,0,24.3,0,,,
2017-02-22 18:00:01,25.4,21.3,0,7,0,24.3,0,,,
2017-02-22 19:00:02,25.4,21.3,0,8,0,24.3,0,,,
2017-02-22 20:00:01,25.3,21.2,0,7,0,24.3,0,,,
2017-02-22 21:00:00,25.1,21.2,0,7,0,24.3,0,,,
2017-02-22 22:00:02,25,21.2,0,8,0,24.3,0,,,
2017-02-22 23:00:00,24.9,21.1,0,8,0,24.3,0,,,
2017-02-23 00:00:02,24.7,21.1,0,7,0,24.3,0,,,
2017-02-23 01:00:01,24.6,21.1,0,7,0,24.3,0,,,
2017-02-23 02:00:00,24.5,21.1,0,8,0,24.3,0,,,
2017-02-23 03:00:02,24.4,21.1,0,6,0,24.3,0,,,
2017-02-23 04:00:00,24.2,21,0,7,0,24.3,0,,,
2017-02-23 05:00:02,24.2,21,0,7,0,24.3,0,,,
2017-02-23 06:00:01,24.1,21,0,8,0,24.3,0,,,
2017-02-23 07:00:00,24,21,0,8,0,24.3,0,,,
2017-02-23 08:00:02,23.8,21,0,8,0,24.3,0,,,
2017-02-23 09:00:00,23.8,21,0,7,0,24.3,0,,,
2017-02-23 10:00:02,24,21,0,6,0,24.3,0,,,
2017-02-23 11:00:01,24.4,21.1,0,6,0,24.3,0,,,
2017-02-23 12:00:00,24.8,21.1,0,6,0,24.3,0,,,
2017-02-23 13:00:02,25.2,21.2,0,7,0,24.3,0,,,
2017-02-23 14:00:01,25.8,21.3,0,8,0,24.3,3,,,
2017-02-23 15:00:02,26.7,21.3,0,8,0,24.3,0,,,
2017-02-23 16:00:02,27.3,21.4,0.01,7,0,24.3,0,,,
2017-02-23 17:00:02,27.5,21.4,0,8,0,24.3,0,,,
2017-02-23 18:00:02,27.5,21.4,0,8,0,24.3,0,,,
2017-02-23 19:00:01,27.3,21.4,0,7,0,24.3,0,,,
2017-02-23 20:00:01,27.1,21.4,0,8,0,24.3,0,,,
2017-02-23 21:00:01,26.7,21.3,0,7,0,24.3,0,,,
2017-02-23 22:00:01,26.4,21.3,0,7,0,24.3,0,,,
2017-02-23 23:00:01,26,21.2,0,6,0,24.3,0,,,
2017-02-24 00:00:00,25.7,21.2,0,7,0,24.3,0,,,
2017-02-24 01:00:01,25.4,21.1,0,7,0,24.3,0,,,
2017-02-24 02:00:00,25,20.9,0,7,0,24.3,0,,,
2017-02-24 03:00:00,24.8,20.9,0,8,0,24.3,0,,,
2017-02-24 04:00:00,24.5,20.9,0,7,0,24.3,0,,,
2017-02-24 05:00:00,24.3,20.9,0,8,0,24.3,0,,,
2017-02-24 06:00:00,24.1,20.9,0,7,0,24.3,0,,,
2017-02-24 07:00:00,23.8,20.9,0,6,0,24.3,0,,,
2017-02-24 08:00:00,23.6,20.9,0,6,0,24.3,0,,,
2017-02-24 09:00:00,23.4,20.9,0,8,0,24.3,0,,,
2017-02-24 10:00:03,23.3,20.9,0,7,0,24.3,0,,,
2017-02-24 11:00:02,23.3,20.9,0,7,0,24.3,0,,,
2017-02-24 12:00:02,23.4,20.9,0,9,0,24.3,0,,,
2017-02-24 13:00:02,23.5,20.9,0,6,0,24.3,0,,,
2017-02-24 14:00:02,23.6,20.9,0,7,0,24.3,0,,,
2017-02-24 15:00:02,23.7,20.9,0,7,0,24.3,0,,,
2017-02-24 16:00:02,23.8,20.9,0,6,0,24.3,0,,,
2017-02-24 17:00:01,24,20.9,0.01,7,0,24.3,0,,,
2017-02-24 18:00:01,24,20.9,0,7,0,24.3,0,,,
2017-02-24 19:00:01,24,20.9,0,7,0,24.3,0,,,
2017-02-24 20:00:01,23.8,20.9,0,7,0,24.3,0,,,
2017-02-24 21:00:01,23.6,20.9,0.01,6,0,24.3,0,,,
2017-02-24 22:00:01,23.4,20.9,0,6,0,24.3,0,,,
2017-02-24 23:00:00,23.2,20.9,0,7,0,24.3,0,,,
2017-02-25 00:00:00,23.1,20.8,0,7,0,24.3,0,,,
2017-02-25 01:00:00,22.9,20.8,0.01,7,0,24.3,0,,,
2017-02-25 02:00:00,22.8,20.8,0.01,7,0,24.3,0,,,
2017-02-25 03:00:00,22.5,20.8,0,7,0,24.3,0,,,
2017-02-25 04:00:00,22.4,20.8,0,7,0,24.3,0,,,
2017-02-25 05:00:00,22.3,20.7,0,8,0,24.3,0,,,
2017-02-25 06:00:00,22.1,20.7,0,7,0,24.3,0,,,
2017-02-25 07:00:00,22,20.7,0,7,0,24.3,0,,,
2017-02-25 08:00:00,21.9,20.7,0.01,7,0,24.3,0,,,
2017-02-25 09:00:00,21.8,20.7,0,7,0,24.3,0,,,
2017-02-25 12:30:01,22.5,20.8,0,7,0,24.2,0,,,
2017-02-25 13:00:00,22.8,20.9,0,7,0,24.2,0,,,
2017-02-25 14:00:00,23.3,20.9,0,7,0,24.3,0,,,
2017-02-25 15:00:01,23.9,20.9,0,8,0,24.3,0,,,
2017-02-25 16:00:02,24.2,21,0,8,0,24.3,0,,,
2017-02-25 17:00:02,24.4,21,0,8,0,24.3,0,,,
2017-02-25 18:00:00,24.4,21,0,9,0,24.3,0,,,
2017-02-25 19:00:01,24.3,21,0,8,0,24.3,0,,,
2017-02-25 20:00:01,24.2,20.9,0.01,7,0,24.3,0,,,
2017-02-25 21:00:02,24,20.9,0,8,0,24.3,0,,,
2017-02-25 22:00:00,23.8,20.9,0,7,0,24.3,0,,,
2017-02-25 23:00:00,23.6,20.9,0,7,0,24.3,0,,,
2017-02-26 00:00:01,23.4,20.8,0,7,0,24.3,0,,,
2017-02-26 01:00:02,23.2,20.8,0,6,0,24.3,0,,,
2017-02-26 02:00:00,23.1,20.8,0,8,0,24.3,0,,,
2017-02-26 03:00:01,22.9,20.7,0,8,0,24.3,0,,,
2017-02-26 04:00:01,22.7,20.7,0,8,0,24.3,0,,,
2017-02-26 05:00:02,22.5,20.7,0,7,0,24.3,0,,,
2017-02-26 06:00:00,22.4,20.7,0,8,0,24.3,0,,,
2017-02-26 07:00:00,22.3,20.7,0,7,0,24.3,0,,,
2017-02-26 08:00:01,22.1,20.7,0,7,0,24.3,0,,,
2017-02-26 09:00:02,22.1,20.7,0,7,0,24.3,0,,,
2017-02-26 10:00:03,22.1,20.7,0,8,0,24.3,0,,,
2017-02-26 11:00:01,22.5,20.7,0,7,0,24.3,0,,,
2017-02-26 12:00:02,22.9,20.8,0,8,0,24.3,0,,,
2017-02-26 13:00:02,23.3,20.9,0,8,0,24.3,0,,,
2017-02-26 14:00:00,24.1,20.9,0,7,0,24.3,0,,,
2017-02-26 15:00:01,25,21,0.01,9,0,24.3,0,,,
2017-02-26 16:00:02,25.6,21,0,9,0,24.3,0,,,
2017-02-26 17:00:00,26.1,21.1,0,8,0,24.3,0,,,
2017-02-26 18:00:01,26.2,21.1,0,7,0,24.3,0,,,
2017-02-26 19:00:01,26,21.1,0,8,0,24.3,0,,,
2017-02-26 20:00:02,25.6,21,0,7,0,24.3,0,,,
2017-02-26 21:00:00,25.3,21,0,8,0,24.3,0,,,
2017-02-26 22:00:01,24.9,20.9,0,7,0,24.3,0,,,
2017-02-26 23:00:02,24.6,20.9,0,8,0,24.3,0,,,
2017-02-27 00:00:02,24.3,20.9,0,7,0,24.3,0,,,
2017-02-27 01:00:00,24,20.8,0,6,0,24.3,0,,,
2017-02-27 02:00:01,23.7,20.8,0.01,6,0,24.3,0,,,
2017-02-27 03:00:02,23.3,20.7,0,6,0,24.3,0,,,
2017-02-27 04:00:02,23,20.7,0,7,0,24.3,0,,,
2017-02-27 05:00:00,22.8,20.7,0,7,0,24.3,0,,,
2017-02-27 06:00:01,22.6,20.7,0,6,0,24.4,0,,,
2017-02-27 07:00:02,22.4,20.5,0.01,6,0,24.4,0,,,
2017-02-27 08:00:02,22.3,20.5,0,7,0,24.4,0,,,
2017-02-27 09:00:00,22.2,20.4,0,7,0,24.3,0,,,
2017-02-27 10:00:01,22.3,20.4,0,8,0,24.3,0,,,
2017-02-27 11:00:01,22.6,20.4,0,8,0,24.4,0,,,
2017-02-27 12:00:02,23.1,20.5,0.01,8,0,24.3,0,,,
2017-02-27 19:50:01,23.5,20.5,0,8,0,24.2,0,,,
2017-02-27 20:00:01,23.5,20.5,0.01,7,0,24.2,0,,,
2017-02-27 21:00:02,23.4,20.5,0,8,0,24.3,0,,,
2017-02-27 22:00:00,23.2,20.5,0,8,0,24.3,0,,,
2017-02-27 23:00:00,23.1,20.5,0,7,0,24.4,0,,,
2017-02-28 00:00:01,22.8,20.5,0,7,0,24.4,0,,,
2017-02-28 01:00:02,22.6,20.4,0,8,0,24.4,0,,,
2017-02-28 02:00:00,22.4,20.4,0,9,0,24.4,0,,,
2017-02-28 03:00:00,22.1,20.4,0,8,0,24.4,0,,,
2017-02-28 04:00:01,21.9,20.3,0,8,0,24.4,0,,,
2017-02-28 05:00:02,21.7,20.3,0,7,0,24.4,0,,,
2017-02-28 06:00:03,21.6,20.3,0,7,0,24.4,0,,,
2017-02-28 07:00:00,21.5,20.3,0,8,0,24.4,0,,,
2017-02-28 08:00:01,21.3,20.3,0,7,0,24.4,0,,,
2017-02-28 09:00:02,21.3,20.3,0,7,0,24.4,0,,,
2017-02-28 10:00:02,21.5,20.4,0,6,0,24.4,0,,,
2017-02-28 11:00:00,21.9,20.5,0,7,0,24.4,1,,,
2017-02-28 12:00:01,22.4,20.5,0,8,0,24.4,0,,,
2017-02-28 13:00:01,22.9,20.6,0,8,0,24.4,0,,,
2017-02-28 14:00:02,23.5,20.7,0,9,0,24.4,0,,,
2017-02-28 15:00:02,24.1,20.7,0,7,0,24.4,0,,,
2017-02-28 16:00:00,24.6,20.8,0,8,0,24.4,0,,,
2017-02-28 17:00:01,24.9,20.8,0,6,0,24.4,0,,,
2017-02-28 18:00:01,24.9,20.8,0,8,0,24.4,0,,,
2017-02-28 19:00:02,24.8,20.8,0,7,0,24.4,0,,,
2017-02-28 20:00:00,24.6,20.7,0,9,0,24.4,0,,,
2017-02-28 21:00:00,24.4,20.7,0,8,0,24.4,0,,,
2017-02-28 22:00:01,24.2,20.7,0,8,0,24.4,0,,,
2017-02-28 23:00:02,23.9,20.7,0,7,0,24.4,0,,,
2017-03-01 00:00:02,23.7,20.6,0,9,0,24.4,0,,,
2017-03-01 01:00:00,23.4,20.5,0,8,0,24.4,0,,,
2017-03-01 02:00:01,23.1,20.5,0,7,0,24.4,0,,,
2017-03-01 03:00:02,22.9,20.5,0,8,0,24.4,0,,,
2017-03-01 04:00:02,22.6,20.5,0,8,0,24.4,0,,,
2017-03-01 05:00:00,22.4,20.4,0,8,0,24.4,0,,,
2017-03-01 06:00:01,22.1,20.4,0,7,0,24.4,0,,,
2017-03-01 07:00:02,21.9,20.4,0,7,0,24.4,0,,,
2017-03-01 08:00:02,21.7,20.4,0,7,0,24.4,0,,,
2017-03-01 09:00:00,21.6,20.4,0,6,0,24.4,0,,,
2017-03-01 10:00:01,21.7,20.4,0,7,0,24.4,0,,,
2017-03-01 11:00:01,22.1,20.5,0.01,7,0,24.4,0,,,
2017-03-01 12:00:02,22.5,20.5,0,8,0,24.4,0,,,
2017-03-01 13:00:02,23.1,20.6,0,7,0,24.4,0,,,
2017-03-01 14:00:00,23.9,20.7,0.01,8,0,24.4,0,,,
2017-03-01 15:00:01,24.8,20.7,0,9,0,24.4,0,,,
2017-03-01 16:00:01,25.4,20.9,0,7,0,24.4,0,,,
2017-03-01 17:00:02,25.9,20.9,0,8,0,24.4,0,,,
2017-03-01 18:00:00,26,20.9,0,8,0,24.4,0,,,
2017-03-01 19:00:00,25.9,20.9,0,9,0,24.4,0,,,
2017-03-01 20:00:01,25.6,20.8,0,9,0,24.4,0,,,
2017-03-01 21:00:02,25.2,20.7,0,8,0,24.4,0,,,
2017-03-01 22:00:02,24.8,20.7,0,8,0,24.4,0,,,
2017-03-01 23:00:00,24.5,20.7,0,8,0,24.4,0,,,
2017-03-02 00:00:01,24.1,20.6,0,7,0,24.4,0,,,
2017-03-02 01:00:01,23.8,20.5,0,7,0,24.4,0,,,
2017-03-02 02:00:02,23.5,20.5,0,6,0,24.4,0,,,
2017-03-02 03:00:00,23.1,20.5,0,6,0,24.4,0,,,
2017-03-02 04:00:01,22.9,20.5,0,9,0,24.4,0,,,
2017-03-02 05:00:01,22.5,20.4,0,8,0,24.4,0,,,
2017-03-02 06:00:02,22.3,20.4,0,8,0,24.4,0,,,
2017-03-02 07:00:00,22.1,20.3,0,8,0,24.4,0,,,
2017-03-02 08:00:01,21.9,20.3,0,8,0,24.4,0,,,
2017-03-02 09:00:01,21.8,20.3,0,8,0,24.4,0,,,
2017-03-02 10:00:02,21.9,20.4,0,8,0,24.4,0,,,
2017-03-02 11:00:00,22.2,20.5,0,9,0,24.4,0,,,
2017-03-02 12:00:00,22.7,20.5,0,8,0,24.4,0,,,
2017-03-02 13:00:01,23.2,20.5,0.01,8,0,24.4,0,,,
2017-03-02 14:00:02,24,20.6,0,8,0,24.4,0,,,
2017-03-02 15:00:02,24.8,20.7,0,7,0,24.4,0,,,
2017-03-02 16:00:00,25.2,20.8,0,7,0,24.4,0,,,
2017-03-02 17:00:00,25.3,20.7,0,7,0,24.4,0,,,
2017-03-02 18:00:01,25.3,20.7,0,7,0,24.4,0,,,
2017-03-02 19:00:02,25.1,20.7,0,7,0,24.4,0,,,
2017-03-02 20:00:03,24.9,20.7,0,8,0,24.4,0,,,
2017-03-02 21:00:00,24.6,20.7,0,7,0,24.4,0,,,
2017-03-02 22:00:01,24.3,20.6,0,9,0,24.4,0,,,
2017-03-02 23:00:02,24,20.5,0,6,0,24.4,0,,,
2017-03-03 00:00:02,23.6,20.5,0,6,0,24.4,0,,,
2017-03-03 01:00:00,23.2,20.5,0,7,0,24.4,0,,,
2017-03-03 02:00:01,22.9,20.4,0,6,0,24.4,0,,,
2017-03-03 03:00:02,22.6,20.4,0,7,0,24.4,0,,,
2017-03-03 04:00:03,22.4,20.4,0,9,0,24.4,0,,,
2017-03-03 05:00:00,22.1,20.3,0,7,0,24.4,0,,,
2017-03-03 06:00:01,21.9,20.3,0,7,0,24.4,0,,,
2017-03-03 07:00:02,21.7,20.3,0,7,0,24.4,1,,,
2017-03-03 08:00:02,21.5,20.3,0,7,0,24.4,0,,,
2017-03-03 09:00:00,21.5,20.3,0,6,0,24.4,0,,,
2017-03-03 10:00:01,21.6,20.1,0,7,0,24.4,5,,,
2017-03-03 11:00:02,21.9,20.2,0,7,0,24.4,0,,,
2017-03-03 12:00:03,22.2,20.3,0,6,0,24.4,0,,,
2017-03-03 13:00:00,22.6,20.4,0,6,0,24.4,1,,,
2017-03-03 14:00:01,23.2,20.5,0,8,0,24.4,0,,,
2017-03-03 15:00:01,24,20.5,0,7,0,24.4,0,,,
2017-03-03 16:00:02,24.7,20.7,0,6,0,24.4,0,,,
2017-03-03 17:00:00,25.1,20.7,0,6,0,24.4,0,,,
2017-03-03 18:00:00,25.2,20.7,0,7,0,24.4,0,,,
2017-03-03 19:00:01,25.1,20.7,0,7,0,24.4,0,,,
2017-03-03 20:00:02,24.9,20.6,0,5,0,24.4,0,,,
2017-03-03 21:00:02,24.6,20.5,0,6,0,24.4,0,,,
2017-03-03 22:00:00,24.3,20.5,0,7,0,24.4,0,,,
2017-03-03 23:00:01,24.1,20.5,0,8,0,24.4,0,,,
2017-03-04 00:00:01,23.8,20.5,0,6,0,24.4,0,,,
2017-03-04 01:00:00,23.6,20.4,0,7,0,24.4,0,,,
2017-03-04 02:00:00,23.5,20.4,0,7,0,24.4,0,,,
2017-03-04 03:00:02,23.3,20.4,0,7,0,24.4,0,,,
2017-03-04 04:00:02,23.1,20.4,0,9,0,24.4,0,,,
2017-03-04 05:00:01,22.9,20.4,0,6,0,24.4,0,,,
2017-03-04 06:00:01,22.7,20.3,0,7,0,24.4,0,,,
2017-03-04 07:00:00,22.5,20.3,0,7,0,24.4,0,,,
2017-03-04 08:00:00,22.3,20.3,0,6,0,24.4,0,,,
2017-03-04 09:00:02,22.2,20.3,0,7,0,24.4,0,,,
2017-03-04 10:00:01,22.3,20.3,0,7,0,24.4,0,,,
2017-03-04 11:00:01,22.7,20.4,0,7,0,24.4,0,,,
2017-03-04 12:00:01,23.2,20.4,0,8,0,24.4,0,,,
2017-03-04 13:00:00,23.8,20.5,0.01,7,0,24.4,0,,,
2017-03-04 14:00:02,24.5,20.6,0,6,0,24.4,0,,,
2017-03-04 15:00:02,25.3,20.7,0.01,8,0,24.4,0,,,
2017-03-04 16:00:01,25.7,20.7,0,8,0,24.4,0,,,
2017-03-04 17:00:00,26,20.7,0,7,0,24.4,0,,,
2017-03-04 18:00:03,25.9,20.7,0,7,0,24.4,0,,,
2017-03-04 19:00:02,25.8,20.7,0,7,0,24.4,0,,,
2017-03-04 20:00:01,25.6,20.6,0,9,0,24.4,0,,,
2017-03-04 21:00:01,25.4,20.6,0,9,0,24.4,0,,,
2017-03-04 22:00:00,25.1,20.5,0,7,0,24.4,0,,,
2017-03-04 23:00:00,24.9,20.5,0,7,0,24.4,0,,,
2017-03-05 00:00:02,24.6,20.5,0,7,0,24.4,0,,,
2017-03-05 01:00:02,24.3,20.5,0,6,0,24.4,0,,,
2017-03-05 02:00:01,24.1,20.4,0,7,0,24.4,0,,,
2017-03-05 03:00:00,23.8,20.4,0,7,0,24.4,0,,,
2017-03-05 04:00:00,23.5,20.3,0,7,0,24.4,0,,,
2017-03-05 05:00:02,23.2,20.3,0,7,0,24.5,0,,,
2017-03-05 06:00:02,23.1,20.3,0,7,0,24.5,0,,,
2017-03-05 07:00:01,22.8,20.3,0,7,0,24.4,0,,,
2017-03-05 08:00:01,22.6,20.3,0,8,0,24.5,0,,,
2017-03-05 09:00:00,22.5,20.2,0,7,0,24.4,0,,,
2017-03-05 10:00:00,22.6,20.3,0,6,0,24.4,0,,,
2017-03-05 11:50:01,23.5,20.4,0,6,0,24.4,0,,,
2017-03-05 12:00:01,23.6,20.4,0.01,6,0,24.4,0,,,
2017-03-05 20:20:01,26.7,20.7,0.01,8,0,24.5,0,,,
2017-03-05 22:00:01,25.9,20.6,0,8,0,24.4,0,0,0,
2017-03-05 23:00:00,25.8,20.6,0,7,0,24.4,0,409,686,
2017-03-06 00:00:01,25.4,20.5,0,7,0,24.4,0,0,0,
2017-03-06 01:00:02,25.2,20.5,0,8,0,24.4,0,0,0,
2017-03-06 02:00:01,25,20.4,0,8,0,24.5,0,0,0,
2017-03-06 03:00:00,24.7,20.4,0,7,0,24.5,0,0,0,
2017-03-06 04:00:00,24.5,20.4,0,8,0,24.5,0,0,0,
2017-03-06 05:00:02,24.3,20.4,0,6,0,24.5,0,0,0,
2017-03-06 06:00:02,24.2,20.3,0,7,0,24.5,0,0,0,
2017-03-06 07:00:01,24,20.3,0,8,0,24.5,0,0,0,
2017-03-06 08:00:00,23.8,20.3,0,8,0,24.5,0,0,0,
2017-03-06 09:00:00,23.8,20.3,0,6,0,24.5,0,2,1886,
2017-03-06 10:00:00,24,20.3,0,9,0,24.5,0,51,98,
2017-03-06 14:30:01,26,20.5,0,7,0,24.5,0,0,0,
2017-03-06 15:00:01,26.4,20.5,0,9,0,24.5,0,0,0,
2017-03-06 16:00:00,26.8,20.6,0,9,0,24.5,0,0,0,
2017-03-06 17:00:00,26.9,20.6,0,6,0,24.5,0,0,0,
2017-03-06 18:00:00,26.8,20.6,0,8,0,24.5,0,0,0,
2017-03-06 19:00:02,26.6,20.6,0,8,0,24.5,0,0,0,
2017-03-06 20:00:01,26.3,20.5,0,7,0,24.5,0,0,0,
2017-03-06 21:00:01,26,20.5,0,9,0,24.5,0,0,44,
2017-03-06 22:00:00,25.7,20.5,0,7,0,24.5,0,0,0,
2017-03-06 23:00:02,25.4,20.5,0,7,0,24.5,0,0,0,
2017-03-07 00:00:01,25.2,20.4,0,8,0,24.5,0,0,0,
2017-03-08 17:20:01,23.3,20.4,0,8,0,24.5,0,0,0,
2017-03-08 18:00:02,23.3,20.4,0,9,0,24.5,0,0,0,
2017-03-08 19:00:02,23.3,20.4,0,7,0,24.5,0,0,0,
2017-03-08 20:00:01,23.1,20.4,0,10,0,24.5,0,0,0,
2017-03-08 21:00:00,23,20.4,0,8,0,24.5,0,0,0,
2017-03-08 22:00:03,22.8,20.3,0,7,0,24.6,0,0,0,
2017-03-08 23:00:02,22.5,20.3,0,8,0,24.6,0,0,0,
2017-03-09 00:00:01,22.3,20.3,0,8,0,24.5,0,0,0,
2017-03-09 01:00:00,22.1,20.2,0,9,0,24.5,0,0,0,
2017-03-09 02:00:01,22,20.2,0,7,0,24.5,0,0,0,
2017-03-09 03:00:00,21.8,20.2,0,8,0,24.5,0,0,0,
2017-03-09 04:00:03,21.6,20.2,0,8,0,24.6,0,0,0,
2017-03-09 05:00:02,21.5,20.1,0,8,0,24.6,0,0,0,
2017-03-09 06:00:01,21.3,20.1,0,9,0,24.6,0,0,0,
2017-03-09 07:00:00,21.2,20.1,0,8,0,24.6,0,0,0,
2017-03-09 08:00:02,21.2,20.2,0,8,0,24.6,0,0,0,
2017-03-09 09:00:02,21.2,20.2,0,7,0,24.6,0,0,0,
2017-03-09 10:00:03,21.4,20.3,0,8,0,24.6,0,0,0,
2017-03-09 11:00:00,21.9,20.3,0,7,0,24.6,0,0,0,
2017-03-09 12:00:00,22.4,20.4,0,7,0,24.6,0,0,0,
2017-03-09 13:00:00,22.9,20.4,0,6,0,24.6,0,0,0,
2017-03-09 14:00:00,23.5,20.5,0,8,0,24.6,0,0,0,
2017-03-09 15:00:00,24.3,20.6,0,8,0,24.6,0,0,0,
2017-03-09 16:00:00,24.8,20.7,0,9,0,24.6,0,0,0,
2017-03-09 17:00:00,25.2,20.7,0,9,0,24.6,0,0,0,
2017-03-09 18:00:01,25.4,20.7,0,8,0,24.6,0,0,0,
2017-03-09 19:00:01,25.4,20.7,0,8,0,24.6,0,0,0,
2017-03-09 20:00:01,25.2,20.7,0,9,0,24.6,0,0,0,
2017-03-09 21:00:01,25,20.3,0,9,0,24.6,0,0,0,
2017-03-09 22:00:01,24.9,20.2,0,9,0,24.6,0,0,0,
2017-03-09 23:00:01,24.6,20.2,0,10,0,24.6,0,0,0,
2017-03-10 00:00:01,24.5,20.2,0,8,0,24.6,0,0,0,
2017-03-10 01:00:02,24.3,20.3,0,9,0,24.6,0,0,0,
2017-03-10 02:00:02,24.1,20.2,0,8,0,24.6,0,0,0,
2017-03-10 03:00:02,24,20.2,0,8,0,24.6,0,0,0,
2017-03-10 04:00:02,23.8,20.2,0,8,0,24.6,0,0,0,
2017-03-10 05:00:02,23.7,20.2,0,7,0,24.6,0,0,0,
2017-03-10 06:00:02,23.5,20.2,0,9,0,24.6,0,0,0,
2017-03-10 07:00:01,23.3,20.2,0,8,0,24.6,0,0,0,
2017-03-10 08:00:01,23.3,20.2,0,8,0,24.6,0,0,0,
2017-03-10 09:00:01,23.2,20.2,0,7,0,24.6,0,0,0,
2017-03-10 10:00:01,23.2,20.2,0,7,0,24.6,0,0,0,
2017-03-10 11:00:01,23.3,20.3,0,10,0,24.6,0,0,0,
2017-03-10 12:00:01,23.8,20.4,0,8,0,24.6,0,0,0,
2017-03-10 13:00:01,24.2,20.5,0,8,0,24.6,0,0,0,
2017-03-10 14:00:02,24.9,20.6,0,8,0,24.6,0,0,0,
2017-03-10 15:00:02,25.4,20.7,0,9,0,24.6,0,0,0,
2017-03-10 16:00:02,25.9,20.7,0,8,0,24.6,0,0,0,
2017-03-10 17:00:00,26.3,20.8,0,8,0,24.6,0,0,0,
2017-03-10 18:00:00,26.5,20.7,0,9,0,24.6,0,0,0,
2017-03-10 19:00:00,26.4,20.7,0,8,0,24.6,0,0,0,
2017-03-10 20:00:00,26.1,20.7,0,8,0,24.6,0,0,0,
2017-03-10 21:00:01,25.8,20.7,0,8,0,24.6,0,0,0,
2017-03-10 22:00:01,25.6,20.7,0,9,0,24.6,0,0,0,
2017-03-10 23:00:01,25.4,20.6,0,9,0,24.6,0,0,0,
2017-03-11 00:00:01,25.1,20.6,0,8,0,24.6,0,0,0,
2017-03-11 01:00:02,24.9,20.5,0,7,0,24.6,0,0,0,
2017-03-11 02:00:02,24.7,20.5,0,8,0,24.6,0,0,0,
2017-03-11 03:00:02,24.5,20.5,0,8,0,24.6,0,0,0,
2017-03-11 04:00:02,24.3,20.5,0,8,0,24.6,0,0,0,
2017-03-11 05:00:02,24.2,20.5,0,9,0,24.6,0,0,0,
2017-03-11 06:00:00,24,20.4,0,9,0,24.6,0,0,0,
2017-03-11 07:00:00,23.9,20.4,0,10,0,24.6,0,0,0,
2017-03-11 08:00:00,23.8,20.5,0,9,0,24.6,0,0,0,
2017-03-11 09:00:00,23.8,20.5,0,8,0,24.6,0,0,0,
2017-03-11 10:00:00,24,20.5,0,8,0,24.6,0,0,0,
2017-03-11 11:00:00,24.4,20.6,0,9,0,24.6,0,0,0,
2017-03-11 12:00:00,25,20.7,0,8,0,24.6,0,0,0,
2017-03-11 13:00:00,25.6,20.7,0,8,0,24.6,0,0,0,
2017-03-11 14:00:01,26.6,20.9,0,9,0,24.6,0,0,0,
2017-03-11 15:00:01,27.2,20.9,0,10,0,24.6,0,0,0,
2017-03-11 16:00:02,27.4,20.9,0,8,0,24.6,0,0,0,
2017-03-11 17:00:03,27.4,20.9,0,9,0,24.6,0,0,0,
2017-03-11 18:00:00,27.2,20.7,0,10,0,24.6,0,0,0,
2017-03-11 19:00:00,26.9,20.7,0,9,0,24.6,0,0,0,
2017-03-11 20:00:00,26.7,20.7,0,9,0,24.6,0,0,0,
2017-03-11 21:00:00,26.4,20.7,0,9,0,24.6,0,0,0,
2017-03-11 22:00:00,26.1,20.7,0,9,0,24.6,0,0,0,
2017-03-11 23:00:01,25.8,20.6,0,9,0,24.6,0,0,0,
2017-03-12 00:00:01,25.5,20.6,0,8,0,24.6,0,0,0,
2017-03-12 01:00:02,25.3,20.5,0,8,0,24.6,0,0,0,
2017-03-12 03:00:02,25,20.5,0,8,0,24.6,0,0,0,
2017-03-12 04:00:02,24.9,20.5,0,8,0,24.6,0,0,0,
2017-03-12 05:00:02,24.8,20.5,0,9,0,24.6,0,0,0,
2017-03-12 06:00:02,24.6,20.5,0,9,0,24.6,0,0,0,
2017-03-12 07:00:02,24.5,20.5,0,10,0,24.6,0,0,0,
2017-03-12 08:00:02,24.4,20.5,0,9,0,24.6,0,0,0,
2017-03-12 09:00:00,24.3,20.5,0,8,0,24.6,0,0,0,
2017-03-12 10:00:00,24.2,20.5,0,9,0,24.6,0,0,0,
2017-03-12 11:00:00,24.5,20.5,0,9,0,24.6,0,0,0,
2017-03-12 12:00:00,25,20.6,0,8,0,24.6,0,0,0,
2017-03-12 13:00:00,25.7,20.7,0,9,0,24.6,0,0,0,
2017-03-12 14:00:00,26.5,20.7,0,9,0,24.6,0,0,0,
2017-03-12 15:00:00,27.5,20.9,0,9,0,24.6,0,0,0,
2017-03-12 16:00:00,28.6,20.9,0,10,0,24.6,0,0,0,
2017-03-12 17:00:00,29.2,21,0,9,0,24.6,0,0,0,
2017-03-12 18:00:01,29.7,21.1,0,8,0,24.6,0,0,0,
2017-03-12 19:00:01,29.8,21.1,0,8,0,24.6,0,0,0,
2017-03-12 20:00:02,29.5,21.1,0,8,0,24.6,0,0,0,
2017-03-12 21:00:02,29.1,21,0,9,0,24.6,0,0,0,
2017-03-12 22:00:00,28.7,20.9,0,8,0,24.6,0,0,0,
2017-03-12 23:00:00,28.4,20.9,0,9,0,24.6,0,0,0,
2017-03-13 00:00:00,27.9,20.9,0,9,0,24.6,0,0,0,
2017-03-14 16:20:02,26.5,20.6,0,9,0,24.6,0,0,0,
2017-03-14 17:00:00,26.5,20.7,0,8,0,24.6,0,0,0,
2017-03-14 18:00:00,26.4,20.6,0,9,0,24.6,0,0,0,
2017-03-14 19:00:01,26.2,20.6,0,9,0,24.6,0,0,0,
2017-03-14 20:00:02,26,20,0,10,0,24.6,0,0,0,
2017-03-14 21:00:02,25.7,20,0,9,0,24.6,0,0,0,
2017-03-14 22:00:00,25.4,20.1,0,10,0,24.6,0,0,0,
2017-03-14 23:00:00,25.2,20,0,9,0,24.6,0,0,0,
2017-03-15 00:00:01,25,20,0,10,0,24.6,0,0,0,
2017-03-15 01:00:02,24.9,20,0,9,0,24.6,0,0,0,
2017-03-15 02:00:00,24.6,20,0,10,0,24.6,0,0,0,
2017-03-15 03:00:00,24.5,20,0,9,0,24.6,0,0,0,
2017-03-15 04:00:01,24.3,20,0,9,0,24.6,0,0,0,
2017-03-15 05:00:02,24.2,20,0,11,0,24.6,0,0,0,
2017-03-15 06:00:02,24,20,0,9,0,24.6,0,0,0,
2017-03-15 07:00:00,23.9,19.9,0,9,0,24.6,0,0,0,
2017-03-15 08:00:00,23.8,19.8,0,9,0,24.6,0,0,0,
2017-03-15 09:00:01,23.7,19.9,0,10,0,24.6,0,0,0,
2017-03-15 10:00:01,23.6,20,0,9,0,24.6,0,0,0,
2017-03-15 11:00:02,23.6,20.1,0,8,0,24.6,0,0,0,
2017-03-15 12:00:03,23.6,20.2,0,9,0,24.6,0,0,0,
2017-03-15 13:00:00,23.7,20.2,0,9,0,24.6,0,0,0,
2017-03-15 14:00:01,23.8,20.3,0,8,0,24.6,0,0,0,
2017-03-15 15:00:01,24,20.3,0,9,0,24.6,0,0,0,
2017-03-15 16:00:02,24.3,20.3,0,10,0,24.6,0,0,0,
2017-03-15 17:00:02,24.5,20.4,0,8,0,24.6,0,0,0,
2017-03-15 18:00:00,24.5,20.4,0,8,0,24.6,0,0,0,
2017-03-15 19:00:00,24.4,20.4,0,8,0,24.6,0,0,0,
2017-03-15 20:00:01,24.2,20.4,0,9,0,24.6,0,0,0,
2017-03-15 21:00:01,24.1,20.3,0,9,0,24.6,0,0,0,
2017-03-15 22:00:02,24,20,0,9,0,24.6,0,0,0,
2017-03-15 23:00:03,23.8,20,0,9,0,24.6,0,0,0,
2017-03-16 00:00:00,23.7,20,0,10,0,24.6,0,0,0,
2017-03-16 01:00:03,23.5,20,0,10,0,24.6,0,0,0,
2017-03-16 02:00:00,23.4,20,0,10,0,24.6,0,0,0,
2017-03-16 03:00:01,23.4,19.9,0,10,0,24.6,0,0,0,
2017-03-16 04:00:01,23.3,19.8,0,10,0,24.6,0,0,0,
2017-03-16 05:00:02,23.2,19.8,0,9,0,24.6,0,0,0,
2017-03-16 06:00:02,23,19.8,0,9,0,24.6,0,0,0,
2017-03-16 07:00:00,23,19.9,0,9,0,24.6,0,0,0,
2017-03-16 08:00:01,22.9,19.9,0,9,0,24.6,0,0,0,
2017-03-16 09:00:01,22.8,20,0,9,0,24.6,0,0,0,
2017-03-16 10:00:02,23,20.1,0,9,0,24.6,0,0,0,
2017-03-16 11:00:02,23.2,20.2,0,9,0,24.6,0,0,0,
2017-03-16 12:00:00,23.5,20.3,0,9,0,24.6,0,0,0,
2017-03-16 13:00:00,23.8,20.3,0,9,0,24.6,0,0,0,
2017-03-16 14:00:01,23.9,20.3,0,10,0,24.6,0,0,0,
2017-03-16 15:00:01,23.9,20.3,0,9,0,24.6,0,0,0,
2017-03-16 16:00:02,23.9,20.2,0,8,0,24.6,0,0,0,
2017-03-16 17:00:03,23.8,20.3,0,10,0,24.6,0,0,0,
2017-03-16 18:00:00,23.8,20.2,0,8,0,24.6,0,0,0,
2017-03-16 19:00:01,23.7,20.2,0,8,0,24.6,0,0,0,
2017-03-16 20:00:01,23.5,20.2,0,9,0,24.6,0,0,0,
2017-03-16 21:00:02,23.4,20.2,0,8,0,24.6,0,0,0,
2017-03-16 22:00:02,23.3,20.2,0,9,0,24.6,0,0,0,
2017-03-16 23:00:00,23.2,20.1,0,9,0,24.6,0,0,0,
2017-03-17 00:00:00,23,20.1,0,9,0,24.6,0,0,0,
2017-03-17 01:00:02,22.9,20.2,0,7,0,24.6,0,0,0,
2017-03-17 02:00:00,22.9,20.1,0,8,0,24.6,0,0,0,
2017-03-17 03:00:00,22.8,20.1,0,9,0,24.6,0,0,0,
2017-03-17 04:00:01,22.7,20.1,0,8,0,24.6,0,0,0,
2017-03-17 05:00:01,22.6,20.1,0,9,0,24.6,0,0,0,
2017-03-17 06:00:02,22.5,20.1,0,9,0,24.6,0,0,0,
2017-03-17 07:00:00,22.5,20.1,0,10,0,24.6,0,0,0,
2017-03-17 08:00:00,22.5,20.1,0,9,0,24.6,0,0,0,
2017-03-17 09:00:01,22.5,20.2,0,9,0,24.6,0,0,0,
2017-03-17 10:00:01,22.9,20.2,0,9,0,24.6,0,0,0,
2017-03-17 11:00:02,23.2,20.3,0,9,0,24.6,0,0,0,
2017-03-17 12:00:00,23.8,20.4,0,8,0,24.6,0,0,0,
2017-03-17 13:00:00,24.2,20.4,0,8,0,24.6,0,0,0,
2017-03-17 14:00:01,24.5,20.5,0,9,0,24.6,0,0,0,
2017-03-17 15:00:01,24.6,20.5,0,9,0,24.6,0,0,0,
2017-03-17 16:00:02,24.8,20.5,0,8,0,24.6,0,0,0,
2017-03-17 17:00:02,25,20.5,0,9,0,24.6,0,0,0,
2017-03-17 18:00:00,25.1,20.5,0,8,0,24.6,0,0,0,
2017-03-17 19:00:01,25,20.5,0,9,0,24.6,0,0,0,
2017-03-17 20:00:01,24.9,20.5,0,8,0,24.6,0,0,0,
2017-03-17 21:00:02,24.8,20.5,0,8,0,24.6,0,0,0,
2017-03-17 22:00:02,24.6,20.5,0,10,0,24.6,0,0,0,
2017-03-17 23:00:00,24.4,20.4,0,9,0,24.6,0,0,0,
2017-03-18 00:00:01,24.2,20.4,0,9,0,24.6,0,0,0,
2017-03-18 01:00:02,24.1,20.4,0,8,0,24.6,0,0,0,
2017-03-18 02:00:00,23.8,20.3,0,10,0,24.6,0,0,0,
2017-03-18 03:00:00,23.6,20.3,0,9,0,24.6,0,0,0,
2017-03-18 04:00:01,23.4,20.3,0,9,0,24.6,0,0,0,
2017-03-18 05:00:02,23.2,20.2,0,9,0,24.6,0,0,0,
2017-03-18 06:00:02,23,20.2,0,8,0,24.6,0,0,0,
2017-03-18 07:00:00,22.9,20.2,0,8,0,24.6,0,0,0,
2017-03-18 08:00:00,22.8,20.2,0,9,0,24.6,0,0,0,
2017-03-18 09:00:01,22.8,20.2,0,9,0,24.6,0,0,0,
2017-03-18 10:00:02,22.9,20.3,0,7,0,24.6,0,0,0,
2017-03-18 11:00:02,23.3,20.4,0,7,0,24.6,0,0,0,
2017-03-18 12:00:00,24,20.4,0,7,0,24.6,0,0,0,
2017-03-18 13:00:01,24.8,20.5,0,8,0,24.6,0,0,0,
2017-03-18 14:00:01,25.6,20.6,0,8,0,24.6,0,0,0,
2017-03-18 15:00:02,26.1,20.7,0,9,0,24.7,0,0,0,
2017-03-18 16:00:02,26.3,20.7,0,9,0,24.6,0,0,0,
2017-03-18 17:00:01,26.3,20.7,0,10,0,24.7,0,0,0,
2017-03-18 18:00:01,26.3,20.7,0,8,0,24.7,0,0,0,
2017-03-18 19:00:02,26.1,20.7,0,10,0,24.7,0,0,0,
2017-03-18 20:00:03,25.9,20.7,0,8,0,24.7,0,0,0,
2017-03-18 21:00:00,25.7,20.7,0,9,0,24.7,0,0,0,
2017-03-18 22:00:01,25.6,20.6,0,8,0,24.7,0,0,0,
2017-03-18 23:00:01,25.4,20.5,0,9,0,24.7,0,0,0,
2017-03-19 00:00:02,25.2,20.5,0,8,0,24.7,0,0,0,
2017-03-19 01:00:01,25,20.5,0,9,0,24.7,0,0,0,
2017-03-19 02:00:01,24.9,20.5,0,9,0,24.7,0,0,0,
2017-03-19 03:00:02,24.8,20.5,0,10,0,24.7,0,0,0,
2017-03-19 04:00:03,24.6,20.5,0,9,0,24.7,0,0,0,
2017-03-19 05:00:00,24.5,20.4,0,10,0,24.7,0,0,0,
2017-03-19 06:00:01,24.4,20.4,0,9,0,24.7,0,0,0,
2017-03-19 07:00:01,24.2,20.4,0,9,0,24.7,0,0,0,
2017-03-19 08:00:02,24.1,20.4,0,10,0,24.7,0,0,0,
2017-03-19 09:00:00,24.1,20.4,0,8,0,24.7,0,0,0,
2017-03-19 10:00:00,24.2,20.4,0,8,0,24.7,0,0,0,
2017-03-19 11:00:01,24.6,20.5,0,9,0,24.7,0,0,0,
2017-03-19 12:00:02,25.2,20.5,0,8,0,24.7,0,0,0,
2017-03-19 13:00:02,25.9,20.7,0,9,0,24.7,0,0,0,
2017-03-19 14:00:00,26.5,20.7,0,8,0,24.7,0,0,0,
2017-03-19 15:00:01,26.8,20.7,0,8,0,24.7,0,0,0,
2017-03-19 16:00:01,26.8,20.3,0,9,0,24.7,0,0,0,
2017-03-19 17:00:02,26.7,20.4,0,8,0,24.7,0,0,0,
2017-03-19 18:00:03,26.5,20.4,0,9,0,24.7,0,0,0,
2017-03-19 19:00:00,26.3,20.3,0,9,0,24.7,0,0,0,
2017-03-19 20:00:01,26,20.3,0,9,0,24.7,0,0,0,
2017-03-19 21:00:02,25.8,20.3,0,8,0,24.7,0,0,0,
2017-03-19 22:00:02,25.6,20.3,0,10,0,24.7,0,0,0,
2017-03-19 23:00:00,25.4,20.3,0,7,0,24.7,0,0,0,
2017-03-20 00:00:01,25.3,20.2,0,9,0,24.7,0,0,0,
2017-03-20 01:00:02,25.2,20.2,0,9,0,24.7,0,0,0,
2017-03-20 02:00:00,25,20.2,0,10,0,24.7,0,0,0,
2017-03-20 03:00:01,24.9,20.2,0,8,0,24.7,0,0,0,
2017-03-20 04:00:01,24.8,20.2,0,8,0,24.7,0,0,0,
2017-03-20 05:00:02,24.6,20.1,0,8,0,24.7,0,0,0,
2017-03-20 06:00:00,24.5,20.1,0,8,0,24.7,0,0,0,
2017-03-20 07:00:00,24.4,20.1,0,9,0,24.7,0,0,0,
2017-03-20 08:00:01,24.2,20.2,0,8,0,24.7,0,0,0,
2017-03-20 09:00:02,24.2,20.2,0,8,0,24.7,0,0,0,
2017-03-20 10:00:02,24.4,20.3,0,8,0,24.7,0,0,0,
2017-03-20 11:00:00,24.9,20.4,0,7,0,24.7,0,0,0,
2017-03-20 12:00:01,25.6,20.5,0,9,0,24.7,0,0,0,
2017-03-20 13:00:01,26.3,20.6,0,9,0,24.7,0,0,0,
2017-03-20 14:00:02,26.9,20.7,0,9,0,24.7,0,0,0,
2017-03-20 15:00:00,27.3,20.7,0,8,0,24.7,0,0,0,
2017-03-20 16:00:00,27.5,20.7,0,8,0,24.7,0,0,0,
2017-03-20 17:00:01,27.5,20.7,0,8,0,24.7,0,0,0,
2017-03-20 18:00:02,27.4,20.7,0,8,0,24.7,0,0,0,
2017-03-20 19:00:02,27.3,20.7,0,8,0,24.7,0,0,0,
2017-03-20 20:00:00,27.1,20.7,0,9,0,24.7,0,0,0,
2017-03-20 21:00:01,26.8,20.6,0,9,0,24.7,0,0,0,
2017-03-20 22:00:01,26.6,20.6,0,8,0,24.7,0,0,0,
2017-03-20 23:00:02,26.5,20.5,0,8,0,24.7,0,0,0,
2017-03-21 00:00:00,26.3,20.5,0,8,0,24.7,0,0,0,
2017-03-21 01:00:01,26,20.5,0,8,0,24.7,0,0,0,
2017-03-21 02:00:02,25.9,20.5,0,8,0,24.7,0,0,0,
2017-03-21 03:00:00,25.6,20.4,0,7,0,24.7,0,0,0,
2017-03-21 04:00:00,25.4,20.4,0,7,0,24.7,0,0,0,
2017-03-21 05:00:01,25.2,20.4,0,7,0,24.7,0,0,0,
2017-03-21 06:00:02,25,20.4,0,8,0,24.7,0,0,0,
2017-03-21 07:00:02,24.9,20.4,0,7,0,24.7,0,0,0,
2017-03-21 08:00:00,24.8,20.4,0,8,0,24.7,0,0,0,
2017-03-21 09:00:01,24.8,20.4,0,8,0,24.7,0,0,0,
2017-03-21 10:00:01,25,20.4,0,8,0,24.7,0,0,0,
2017-03-21 11:00:02,25.5,20.5,0,8,0,24.7,0,0,0,
2017-03-21 12:00:00,26.3,20.6,0,8,0,24.7,0,0,0,
2017-03-21 13:00:00,26.9,20.7,0,7,0,24.7,0,0,0,
2017-03-21 14:00:01,27.3,20.7,0,6,0,24.7,0,0,0,
2017-03-21 15:00:02,27.5,20.7,0,8,0,24.7,0,0,0,
2017-03-21 16:00:02,27.7,20.7,0,8,0,24.7,0,0,0,
2017-03-21 17:00:00,27.8,20.7,0,8,0,24.7,0,0,0,
2017-03-21 18:00:01,27.8,20.7,0,7,0,24.7,0,0,0,
2017-03-21 19:00:01,27.6,20.7,0,7,0,24.7,0,0,0,
2017-03-21 20:00:02,27.4,20.7,0,7,0,24.7,0,0,0,
2017-03-21 21:00:03,27.2,20.6,0,7,0,24.7,0,0,0,
2017-03-21 22:00:00,27,20.6,0,8,0,24.7,0,0,0,
2017-03-21 23:00:01,26.8,20.5,0,8,0,24.7,0,0,0,
2017-03-22 00:00:01,26.5,20.5,0,8,0,24.7,0,0,0,
2017-03-22 01:00:00,26.3,20.5,0,8,0,24.7,0,0,0,
2017-03-22 02:00:01,26,20.5,0,7,0,24.7,0,0,0,
2017-03-22 03:00:01,25.8,20.4,0,9,0,24.7,0,0,0,
2017-03-22 04:00:02,25.7,20.4,0,9,0,24.7,0,0,0,
2017-03-22 05:00:00,25.5,20.4,0,7,0,24.7,0,0,0,
2017-03-22 06:00:00,25.3,20.4,0,8,0,24.7,0,0,0,
2017-03-22 07:00:01,25.1,20.3,0,7,0,24.7,0,0,0,
2017-03-22 08:00:02,25,20.3,0,7,0,24.7,0,0,0,
2017-03-22 09:00:03,24.9,20.3,0,9,0,24.7,0,0,0,
2017-03-22 10:00:00,25.1,20.4,0,8,0,24.8,0,0,0,
2017-03-22 11:00:01,25.5,20.4,0,9,0,24.8,0,0,0,
2017-03-22 12:00:02,26.3,20.5,0,8,0,24.8,0,0,0,
2017-03-22 13:00:02,27.1,20.6,0,9,0,24.7,0,0,0,
2017-03-22 14:00:00,28,20.7,0,6,0,24.7,0,0,0,
2017-03-22 15:00:01,28.9,20.8,0,8,0,24.7,0,0,0,
2017-03-22 16:00:01,29.4,20.9,0,8,0,24.7,0,0,0,
2017-03-22 17:00:02,29.7,20.9,0,8,0,24.8,0,0,0,
2017-03-22 18:00:03,29.6,20.9,0,8,0,24.8,0,0,0,
2017-03-22 19:00:00,29.4,20.9,0,8,0,24.7,0,0,0,
2017-03-22 20:00:01,29.1,20.8,0,6,0,24.8,0,0,0,
2017-03-22 21:00:02,28.8,20.7,0,8,0,24.7,0,0,0,
2017-03-22 22:00:02,28.5,20.7,0,8,0,24.8,0,0,0,
2017-03-22 23:00:00,28.2,20.2,0,7,0,24.7,0,0,0,
2017-03-23 00:00:00,27.9,20.2,0,7,0,24.8,0,0,0,
2017-03-23 01:00:02,27.5,20.2,0,7,0,24.8,0,0,0,
2017-03-23 02:00:00,27.2,20.2,0,7,0,24.8,0,0,0,
2017-03-23 03:00:01,26.9,20.2,0,8,0,24.8,0,0,0,
2017-03-23 04:00:01,26.7,20.2,0,8,0,24.7,0,0,0,
2017-03-23 05:00:02,26.4,20.2,0,8,0,24.8,0,0,0,
2017-03-23 06:00:03,26.1,20.2,0,7,0,24.8,0,0,0,
2017-03-23 07:00:00,25.9,20.2,0,6,0,24.8,0,0,0,
2017-03-23 08:00:01,25.8,20.2,0,7,0,24.8,0,0,0,
2017-03-23 09:00:02,25.7,20.2,0,8,0,24.8,0,0,0,
2017-03-23 10:00:02,25.8,20.3,0,8,0,24.8,0,0,0,
2017-03-23 11:00:00,26.5,20.4,0,8,0,24.8,0,0,0,
2017-03-23 12:00:01,27.3,20.5,0,8,0,24.8,0,0,0,
2017-03-23 13:00:01,28.4,20.6,0,8,0,24.8,0,0,0,
2017-03-23 14:00:02,29.3,20.7,0,7,0,24.8,0,0,0,
2017-03-23 15:00:00,30.3,20.8,0,8,0,24.8,0,0,0,
2017-03-23 16:00:00,30.9,20.9,0,7,0,24.8,0,0,0,
2017-03-23 17:00:01,31.2,20.9,0,8,0,24.8,0,0,0,
2017-03-23 18:00:02,31.2,20.9,0,9,0,24.8,0,0,0,
2017-03-23 19:00:03,30.9,20.9,0,7,0,24.8,0,0,0,
2017-03-23 20:00:00,30.5,20.8,0,9,0,24.8,0,0,0,
2017-03-23 21:00:01,30.1,20.7,0,10,0,24.8,0,0,0,
2017-03-23 22:00:01,29.7,20.7,0,7,0,24.8,0,0,0,
2017-03-23 23:00:02,29.2,20.6,0,8,0,24.8,0,0,0,
2017-03-24 00:00:00,28.9,20.6,0,8,0,24.8,0,0,0,
2017-03-24 01:00:01,28.6,20.5,0,8,0,24.8,0,0,0,
2017-03-24 02:00:02,28.4,20.5,0,9,0,24.8,0,0,0,
2017-03-24 03:00:00,28,20.5,0,8,0,24.8,0,0,0,
2017-03-24 04:00:00,27.8,20.5,0,9,0,24.8,0,0,0,
2017-03-24 05:00:01,27.5,20.5,0,8,0,24.8,0,0,0,
2017-03-24 06:00:02,27.3,20.4,0,9,0,24.8,0,0,0,
2017-03-24 07:00:02,27.1,20.4,0,8,0,24.8,0,0,0,
2017-03-24 08:00:00,26.9,20.4,0,9,0,24.8,0,0,0,
2017-03-24 09:00:01,26.9,20.4,0,8,0,24.8,0,0,0,
2017-03-24 10:00:01,27,20.5,0,8,0,24.8,0,0,0,
2017-03-24 11:00:02,27.4,20.5,0,9,0,24.8,0,0,0,
2017-03-24 12:00:00,27.9,20.5,0,9,0,24.8,0,0,0,
2017-03-24 13:00:00,28.5,20.5,0,8,0,24.8,0,0,0,
2017-03-24 14:00:01,28.8,20.6,0,8,0,24.8,0,0,0,
2017-03-24 15:00:02,29.1,20.6,0,8,0,24.8,0,0,0,
2017-03-27 09:30:01,22.8,20.6,0,9,0,24.7,0,0,0,
2017-03-27 10:00:00,22.9,20.6,0,8,0,24.8,0,0,0,
2017-03-27 11:00:01,23.2,20.7,0,9,0,24.8,0,0,0,
2017-03-27 12:00:02,23.6,20.7,0,8,0,24.8,0,0,0,
2017-03-27 13:00:00,24,20.7,0,8,0,24.9,0,0,0,
2017-03-27 14:00:01,24.4,20.8,0,8,0,24.9,0,0,0,
2017-03-27 15:00:02,24.8,20.8,0,9,0,24.9,0,0,0,
2017-03-27 16:00:02,25.1,20.9,0,8,0,24.9,0,0,0,
2017-03-27 17:00:00,25.4,20.9,0,9,0,24.9,0,0,0,
2017-03-27 18:00:01,25.5,21,0,10,0,24.9,0,0,0,
2017-03-27 19:00:02,25.6,21,0,9,0,24.9,0,0,0,
2017-03-27 20:00:00,25.5,20.9,0,8,0,24.9,0,6,1,
2017-04-08 11:00:00,25.3,21.2,0,10,0,25.1,0,2458,0,
2017-04-08 12:00:02,25.7,21.2,0,9,0,25.1,0,0,1957,
2017-04-08 13:00:00,26.1,21.3,0,11,0,25.1,0,0,0,
2017-04-08 15:10:02,26.9,21.4,0,11,0,25.1,0,0,3976,
2017-04-08 16:00:01,27.3,21.4,0,11,0,25.1,0,1461,0,
2017-04-08 17:00:01,27.6,21.4,0,10,0,25.2,0,0,0,
2017-04-08 18:00:01,27.8,21.5,0,9,0,25.1,0,3126,0,
2017-04-08 19:00:01,27.9,21.5,0,9,0,25.1,0,0,0,
2017-04-08 20:00:02,27.8,21.5,0,9,0,25.1,0,0,0,
2017-04-08 21:00:02,27.7,21.5,0,10,0,25.2,0,0,1704,
2017-04-08 22:00:00,27.6,21.4,0,10,0,25.2,0,5939,1036,
2017-04-08 23:00:00,27.5,21.4,0,10,0,25.2,0,0,0,
2017-04-09 00:00:01,27.3,21.4,0,10,0,25.2,0,0,0,
2017-04-09 01:00:00,27.1,21.4,0,10,0,25.2,0,0,0,
2017-04-09 02:00:01,27,21.4,0,11,0,25.1,0,0,0,
2017-04-09 03:00:02,26.8,21.4,0,11,0,25.2,0,0,0,
2017-04-09 04:00:02,26.7,21.4,0,10,0,25.2,0,0,0,
2017-04-09 05:00:00,26.5,21.4,0,10,0,25.1,0,0,0,
2017-04-09 06:00:01,26.3,21.4,0,11,0,25.2,0,0,0,
2017-04-09 07:00:02,26.1,21.4,0,11,0,25.2,0,0,0,
2017-04-09 08:00:02,26.1,21.4,0,11,0,25.2,0,0,0,
2017-04-09 09:00:00,25.9,21.4,0,10,0,25.1,0,0,0,
2017-04-09 10:00:01,25.9,21.4,0,11,0,25.2,0,0,0,
2017-04-09 11:00:01,26,21.4,0,11,0,25.2,0,4946,3489,
2017-04-09 12:00:01,26.3,21.5,0,11,0,25.2,0,0,298,
2017-04-09 13:00:00,26.6,21.6,0,9,0,25.2,0,0,0,
2017-04-09 14:00:01,26.9,21.6,0,11,0,25.2,0,0,794,
2017-04-09 15:00:02,27.2,21.6,0,10,0,25.2,0,0,0,
2017-04-09 16:00:00,27.5,21.7,0,10,0,25.2,0,0,0,
2017-04-09 17:00:00,27.8,21.7,0,11,0,25.2,0,0,0,
2017-04-09 18:00:01,28,21.8,0,11,0,25.2,0,0,0,
2017-04-09 19:00:02,28.2,21.8,0,11,0,25.2,0,5228,2553,
2017-04-09 20:00:01,28.2,21.8,0,11,0,25.2,0,0,0,
2017-04-09 21:00:02,28.1,21.8,0,10,0,25.2,0,0,0,
2017-04-09 22:00:00,28,21.8,0,10,0,25.2,0,0,0,
2017-04-09 23:00:01,27.8,21.8,0,11,0,25.2,0,0,0,
2017-04-10 00:00:02,27.7,21.8,0,12,0,25.2,0,0,0,
2017-04-10 01:00:01,27.5,21.8,0,10,0,25.2,0,0,0,
2017-04-10 02:00:02,27.3,21.8,0,11,0,25.2,0,0,0,
2017-04-10 03:00:02,27.1,21.8,0,10,0,25.2,0,0,0,
2017-04-10 04:00:00,27,21.8,0,10,0,25.2,0,0,0,
2017-04-10 05:00:01,26.9,21.7,0,10,0,25.2,0,0,0,
2017-04-10 06:00:02,26.7,21.8,0,10,0,25.2,0,3383,3819,
2017-04-10 07:00:00,26.6,21.7,0,11,0,25.2,0,1578,1816,
2017-04-10 08:00:00,26.5,21.7,0,9,0,25.2,0,860,0,
2017-04-10 09:00:03,26.4,21.7,0,10,0,25.2,0,698,1053,
2017-04-10 10:00:00,26.4,21.7,0,10,0,25.2,0,506,2074,
2017-04-10 11:00:00,26.5,21.7,0,9,0,25.2,0,1948,0,
2017-04-10 12:00:01,26.7,21.8,0,8,0,25.2,0,0,0,
2017-04-10 13:00:02,26.9,21.8,0,9,0,25.2,0,0,0,
2017-04-10 14:00:00,27.2,21.8,0,10,0,25.2,0,0,0,
2017-04-10 15:00:01,27.6,21.9,0,9,0,25.2,0,0,0,
2017-04-10 16:00:02,28,22,0,10,0,25.2,0,0,0,
2017-04-10 17:00:02,28.4,22,0,10,0,25.2,0,0,0,
